name,first_accessed_time,last_accessed_time,duration_minutes
ENC1102-20193-21-B-003 English Composition II - D211 MTWR 11:00 AM,2019-07-03 23:45:32+00:00,2019-07-04 00:48:01+00:00,1.035
ENC1102-20193-21-B-003 English Composition II - D211 MTWR 11:00 AM,2019-07-01 22:36:23+00:00,2019-07-01 22:52:10+00:00,0.261667
ENC1102-20193-21-B-003 English Composition II - D211 MTWR 11:00 AM,2019-06-26 11:51:05+00:00,2019-06-26 11:51:16+00:00,0.022222
SYG2010-20193-21-B-001 Social Problems - A129 TR 02:45 PM,2019-07-09 13:21:53+00:00,2019-07-09 13:21:53+00:00,0.003333
SYG2010-20193-21-B-001 Social Problems - A129 TR 02:45 PM,2019-07-18 04:01:35+00:00,2019-07-18 04:02:06+00:00,0.007778
SYG2010-20193-21-B-001 Social Problems - A129 TR 02:45 PM,2019-08-06 19:13:57+00:00,2019-08-06 19:13:57+00:00,0.003056
BSC2010-20192-21-M-002 General Biology I - D218 MW 11:00 AM,2019-02-20 16:25:27+00:00,2019-02-20 16:25:30+00:00,0.000833
BSC2010-20192-21-M-002 General Biology I - D218 MW 11:00 AM,2019-02-12 01:00:55+00:00,2019-02-12 01:00:55+00:00,0.004167
BSC2010-20192-21-M-002 General Biology I - D218 MW 11:00 AM,2019-04-24 17:38:08+00:00,2019-04-24 17:38:29+00:00,0.004167
BSC2010-20192-21-M-002 General Biology I - D218 MW 11:00 AM,2019-04-19 00:27:21+00:00,2019-04-19 00:27:21+00:00,0.000278
BSC2010-20192-21-M-002 General Biology I - D218 MW 11:00 AM,2019-02-06 17:06:48+00:00,2019-02-06 17:06:53+00:00,0.001667
BSC2010-20192-21-M-002 General Biology I - D218 MW 11:00 AM,2019-02-02 02:39:46+00:00,2019-02-02 02:44:07+00:00,0.0725
BSC2010-20192-21-M-002 General Biology I - D218 MW 11:00 AM,2019-01-21 17:48:57+00:00,2019-01-21 18:44:51+00:00,0.004444
BSC2010-20192-21-M-002 General Biology I - D218 MW 11:00 AM,2019-04-11 01:23:22+00:00,2019-04-11 01:30:06+00:00,0.115
BSC2010-20192-21-M-002 General Biology I - D218 MW 11:00 AM,2019-02-25 16:00:47+00:00,2019-02-25 16:24:45+00:00,0.345
SLS1101-20191-21-M-003 Student Success - B105 TR 01:00 PM,2018-10-02 00:00:30+00:00,2018-10-02 00:00:38+00:00,0.008611
SLS1101-20191-21-M-003 Student Success - B105 TR 01:00 PM,2018-10-17 13:29:01+00:00,2018-10-17 13:29:01+00:00,0.000556
SLS1101-20191-21-M-003 Student Success - B105 TR 01:00 PM,2018-09-06 01:16:39+00:00,2018-09-06 01:17:24+00:00,0.0125
SLS1101-20191-21-M-003 Student Success - B105 TR 01:00 PM,2018-11-27 14:41:12+00:00,2018-11-27 14:42:29+00:00,0.021389
SLS1101-20191-21-M-003 Student Success - B105 TR 01:00 PM,2018-08-23 20:05:53+00:00,2018-08-23 20:06:54+00:00,0.018889
SLS1101-20191-21-M-003 Student Success - B105 TR 01:00 PM,2018-11-29 15:43:35+00:00,2018-11-29 15:44:10+00:00,0.018889
SLS1101-20191-21-M-003 Student Success - B105 TR 01:00 PM,2018-09-23 16:41:04+00:00,2018-09-23 16:41:04+00:00,0.0
SLS1101-20191-21-M-003 Student Success - B105 TR 01:00 PM,2018-08-27 19:36:11+00:00,2018-08-27 19:36:11+00:00,0.0
SLS1101-20191-21-M-003 Student Success - B105 TR 01:00 PM,2018-09-18 21:30:31+00:00,2018-09-18 21:56:21+00:00,0.426389
ENC1101-20191-21-M-010 English Composition I - B105 MW,2019-02-12 18:04:31+00:00,2019-02-12 18:04:31+00:00,0.000833
ENC1101-20191-21-M-010 English Composition I - B105 MW,2018-09-25 17:04:41+00:00,2018-09-25 17:05:44+00:00,0.003333
ENC1101-20191-21-M-010 English Composition I - B105 MW,2018-09-20 01:45:46+00:00,2018-09-20 01:46:23+00:00,0.004722
ENC1101-20191-21-M-010 English Composition I - B105 MW,2018-10-25 13:38:12+00:00,2018-10-25 13:38:56+00:00,0.008889
Vero Campus B126 TR,2018-10-10 19:06:36+00:00,2018-10-10 19:08:28+00:00,2.684167
Vero Campus B126 TR,2018-09-18 11:54:03+00:00,2018-09-18 11:54:03+00:00,0.000833
Vero Campus B126 TR,2018-11-10 16:28:58+00:00,2018-11-10 16:29:22+00:00,0.185278
Vero Campus B126 TR,2018-08-21 14:19:46+00:00,2018-08-21 14:19:46+00:00,0.000278
Vero Campus B126 TR,2018-09-19 00:31:16+00:00,2018-09-19 00:31:16+00:00,0.001111
Vero Campus B126 TR,2018-10-24 15:47:10+00:00,2018-10-24 15:47:32+00:00,0.006111
BSC2010L-20192-21-M-002 General Biology I Lab - D204 W 03:30 PM,2019-01-24 00:53:29+00:00,2019-01-24 00:53:34+00:00,0.005556
BSC2010L-20192-21-M-002 General Biology I Lab - D204 W 03:30 PM,2019-02-20 16:04:09+00:00,2019-02-20 16:07:25+00:00,0.003889
PSY2012-20192-21-M-002 Introduction To Psychology - D128 MW 01:00 PM,2019-02-03 18:04:51+00:00,2019-02-03 18:04:58+00:00,0.001944
PSY2012-20192-21-M-002 Introduction To Psychology - D128 MW 01:00 PM,2019-02-05 04:08:29+00:00,2019-02-05 04:08:45+00:00,0.014444
PSY2012-20192-21-M-002 Introduction To Psychology - D128 MW 01:00 PM,2019-02-13 22:35:46+00:00,2019-02-13 22:36:32+00:00,0.48
PSY2012-20192-21-M-002 Introduction To Psychology - D128 MW 01:00 PM,2019-02-24 21:17:45+00:00,2019-02-24 21:17:51+00:00,2.414444
PSY2012-20192-21-M-002 Introduction To Psychology - D128 MW 01:00 PM,2019-01-23 18:01:01+00:00,2019-01-23 18:02:28+00:00,0.024444
BSC2010-20192-21-M-002 General Biology I - D218 MW 11:00 AM,2019-01-30 19:33:36+00:00,2019-01-30 19:34:47+00:00,0.003611
BSC2010-20192-21-M-002 General Biology I - D218 MW 11:00 AM,2019-04-24 18:51:12+00:00,2019-04-24 18:51:39+00:00,0.0075
BSC2010-20192-21-M-002 General Biology I - D218 MW 11:00 AM,2019-01-16 15:49:02+00:00,2019-01-16 17:38:54+00:00,0.866389
SLS1101-20191-21-M-003 Student Success - B105 TR 01:00 PM,2018-10-15 18:02:44+00:00,2018-10-15 18:02:44+00:00,0.0
SLS1101-20191-21-M-003 Student Success - B105 TR 01:00 PM,2018-10-01 17:57:58+00:00,2018-10-01 17:58:10+00:00,0.000556
SLS1101-20191-21-M-003 Student Success - B105 TR 01:00 PM,2018-09-19 21:39:16+00:00,2018-09-19 21:40:59+00:00,0.028611
SLS1101-20191-21-M-003 Student Success - B105 TR 01:00 PM,2018-08-25 15:09:02+00:00,2018-08-25 15:09:24+00:00,0.014444
Vero Campus B126 TR,2018-09-04 13:56:00+00:00,2018-09-04 14:00:14+00:00,0.070556
Vero Campus B126 TR,2018-10-25 19:09:54+00:00,2018-10-25 19:10:07+00:00,0.007222
Vero Campus B126 TR,2019-01-21 18:44:47+00:00,2019-01-21 18:44:52+00:00,0.007222
Vero Campus B126 TR,2018-09-30 03:28:42+00:00,2018-09-30 03:28:42+00:00,0.000556
Vero Campus B126 TR,2018-11-20 19:19:53+00:00,2018-11-20 19:20:31+00:00,0.010833
SLS1101-20191-21-M-004 Student Success - B104 MW 11:00 AM,2018-08-30 00:37:04+00:00,2018-08-30 00:37:18+00:00,0.0
ORI0003-251574 ORIENTATION - INTERNET  NR,2018-11-05 17:55:10+00:00,2018-11-05 17:55:10+00:00,0.000278
BSC2010L-20192-21-M-002 General Biology I Lab - D204 W 03:30 PM,2019-01-21 17:49:12+00:00,2019-01-21 19:53:21+00:00,2.058056
BSC2010L-20192-21-M-002 General Biology I Lab - D204 W 03:30 PM,2019-02-18 19:22:35+00:00,2019-02-18 19:23:05+00:00,0.001944
BSC2010L-20192-21-M-002 General Biology I Lab - D204 W 03:30 PM,2019-04-02 14:02:26+00:00,2019-04-02 16:42:50+00:00,2.0475
PSY2012-20192-21-M-002 Introduction To Psychology - D128 MW 01:00 PM,2019-02-20 16:24:33+00:00,2019-02-20 16:24:44+00:00,0.013889
PSY2012-20192-21-M-002 Introduction To Psychology - D128 MW 01:00 PM,2019-02-04 17:04:18+00:00,2019-02-04 17:04:30+00:00,0.003333
PSY2012-20192-21-M-002 Introduction To Psychology - D128 MW 01:00 PM,2019-02-02 02:04:31+00:00,2019-02-02 02:04:56+00:00,0.003611
PSY2012-20192-21-M-002 Introduction To Psychology - D128 MW 01:00 PM,2019-01-10 17:33:11+00:00,2019-01-10 17:33:15+00:00,0.001111
ENC1101-20191-21-M-010 English Composition I - B105 MW,2018-12-03 15:33:10+00:00,2018-12-03 15:34:01+00:00,0.013611
ENC1101-20191-21-M-010 English Composition I - B105 MW,2018-09-26 17:10:03+00:00,2018-09-26 17:10:03+00:00,0.006389
PSY2012-20192-21-M-002 Introduction To Psychology - D128 MW 01:00 PM,2019-01-24 00:53:56+00:00,2019-01-24 00:55:15+00:00,0.021944
PSY2012-20192-21-M-002 Introduction To Psychology - D128 MW 01:00 PM,2019-02-12 17:09:18+00:00,2019-02-12 18:04:40+00:00,0.749444
ENC1102-20193-21-B-003 English Composition II - D211 MTWR 11:00 AM,2019-06-27 18:17:20+00:00,2019-06-27 23:47:59+00:00,2.735833
ENC1102-20193-21-B-003 English Composition II - D211 MTWR 11:00 AM,2019-07-08 20:46:17+00:00,2019-07-08 21:22:04+00:00,1.598056
ENC1102-20193-21-B-003 English Composition II - D211 MTWR 11:00 AM,2019-07-08 13:43:28+00:00,2019-07-08 13:43:59+00:00,0.011944
ENC1102-20193-21-B-003 English Composition II - D211 MTWR 11:00 AM,2019-06-29 21:12:42+00:00,2019-06-29 21:29:24+00:00,0.278611
SYG2010-20193-21-B-001 Social Problems - A129 TR 02:45 PM,2019-06-27 19:50:05+00:00,2019-06-27 23:58:38+00:00,2.7225
SYG2010-20193-21-B-001 Social Problems - A129 TR 02:45 PM,2019-07-30 15:40:36+00:00,2019-07-30 15:41:15+00:00,0.011111
SYG2010-20193-21-B-001 Social Problems - A129 TR 02:45 PM,2019-07-10 14:56:19+00:00,2019-07-10 14:56:19+00:00,0.003889
BSC2010-20192-21-M-002 General Biology I - D218 MW 11:00 AM,2019-03-12 19:28:21+00:00,2019-03-12 22:19:59+00:00,2.855833
BSC2010-20192-21-M-002 General Biology I - D218 MW 11:00 AM,2019-01-07 21:33:46+00:00,2019-01-07 22:41:26+00:00,1.169167
BSC2010-20192-21-M-002 General Biology I - D218 MW 11:00 AM,2019-01-14 15:59:11+00:00,2019-01-14 16:05:45+00:00,0.021389
BSC2010-20192-21-M-002 General Biology I - D218 MW 11:00 AM,2019-01-26 15:59:16+00:00,2019-01-26 17:06:47+00:00,1.125278
BSC2010-20192-21-M-002 General Biology I - D218 MW 11:00 AM,2019-02-12 23:27:56+00:00,2019-02-12 23:28:28+00:00,0.000556
BSC2010-20192-21-M-002 General Biology I - D218 MW 11:00 AM,2019-03-15 23:24:30+00:00,2019-03-15 23:40:56+00:00,0.276111
BSC2010-20192-21-M-002 General Biology I - D218 MW 11:00 AM,2019-02-24 23:42:40+00:00,2019-02-25 00:02:49+00:00,0.293611
BSC2010-20192-21-M-002 General Biology I - D218 MW 11:00 AM,2019-02-20 17:16:43+00:00,2019-02-20 17:16:43+00:00,0.001667
BSC2010-20192-21-M-002 General Biology I - D218 MW 11:00 AM,2019-01-09 22:52:20+00:00,2019-01-09 22:52:27+00:00,0.001944
BSC2010-20192-21-M-002 General Biology I - D218 MW 11:00 AM,2019-01-10 01:08:50+00:00,2019-01-10 02:51:21+00:00,0.594722
BSC2010-20192-21-M-002 General Biology I - D218 MW 11:00 AM,2019-01-12 20:40:13+00:00,2019-01-12 22:19:53+00:00,0.002222
BSC2010-20192-21-M-002 General Biology I - D218 MW 11:00 AM,2019-01-22 21:10:14+00:00,2019-01-22 21:57:45+00:00,0.791944
BSC2010-20192-21-M-002 General Biology I - D218 MW 11:00 AM,2019-02-27 15:56:14+00:00,2019-02-27 16:02:32+00:00,0.025556
SLS1101-20191-21-M-003 Student Success - B105 TR 01:00 PM,2018-08-29 18:42:29+00:00,2018-08-29 18:44:05+00:00,0.011111
SLS1101-20191-21-M-003 Student Success - B105 TR 01:00 PM,2018-09-26 19:38:32+00:00,2018-09-26 19:40:01+00:00,0.024722
SLS1101-20191-21-M-003 Student Success - B105 TR 01:00 PM,2018-09-29 02:49:31+00:00,2018-09-29 02:49:42+00:00,0.003056
SLS1101-20191-21-M-003 Student Success - B105 TR 01:00 PM,2018-10-13 15:55:51+00:00,2018-10-13 15:56:11+00:00,0.005556
SLS1101-20191-21-M-003 Student Success - B105 TR 01:00 PM,2018-09-30 03:28:41+00:00,2018-09-30 03:28:44+00:00,0.000278
SLS1101-20191-21-M-003 Student Success - B105 TR 01:00 PM,2018-10-26 12:58:35+00:00,2018-10-26 12:58:35+00:00,0.0
SLS1101-20191-21-M-003 Student Success - B105 TR 01:00 PM,2018-08-26 15:44:15+00:00,2018-08-26 15:44:37+00:00,0.011944
SLS1101-20191-21-M-003 Student Success - B105 TR 01:00 PM,2019-01-12 22:20:03+00:00,2019-01-12 22:20:03+00:00,0.070556
SLS1101-20191-21-M-003 Student Success - B105 TR 01:00 PM,2018-11-12 02:55:44+00:00,2018-11-12 02:58:38+00:00,0.151944
SLS1101-20191-21-M-003 Student Success - B105 TR 01:00 PM,2018-09-17 15:57:28+00:00,2018-09-17 15:57:40+00:00,0.003333
SLS1101-20191-21-M-003 Student Success - B105 TR 01:00 PM,2018-11-16 20:08:52+00:00,2018-11-16 22:50:05+00:00,2.686944
SLS1101-20191-21-M-003 Student Success - B105 TR 01:00 PM,2018-10-20 03:02:53+00:00,2018-10-20 03:03:18+00:00,0.006944
SLS1101-20191-21-M-003 Student Success - B105 TR 01:00 PM,2018-10-19 18:26:44+00:00,2018-10-19 18:26:56+00:00,0.003333
ENC1101-20191-21-M-010 English Composition I - B105 MW,2018-11-29 21:30:52+00:00,2018-11-29 21:31:11+00:00,0.002222
ENC1101-20191-21-M-010 English Composition I - B105 MW,2019-01-12 22:19:59+00:00,2019-01-12 22:19:59+00:00,0.000278
ENC1101-20191-21-M-010 English Composition I - B105 MW,2018-09-26 15:54:55+00:00,2018-09-26 15:54:59+00:00,0.008889
ENC1101-20191-21-M-010 English Composition I - B105 MW,2018-10-22 15:04:45+00:00,2018-10-22 15:04:45+00:00,0.0
Vero Campus B126 TR,2018-11-26 02:20:28+00:00,2018-11-26 02:50:04+00:00,0.4925
Vero Campus B126 TR,2018-09-21 04:12:50+00:00,2018-09-21 04:13:33+00:00,0.006111
Vero Campus B126 TR,2018-09-21 15:03:48+00:00,2018-09-21 15:03:48+00:00,0.0
Vero Campus B126 TR,2018-10-21 17:34:11+00:00,2018-10-21 17:37:56+00:00,0.019444
Vero Campus B126 TR,2018-10-25 18:31:35+00:00,2018-10-25 18:31:49+00:00,0.000556
ORI0003-251574 ORIENTATION - INTERNET  NR,2018-10-08 02:04:33+00:00,2018-10-08 02:05:00+00:00,0.004722
PSY2012-20192-21-M-002 Introduction To Psychology - D128 MW 01:00 PM,2019-01-30 19:33:57+00:00,2019-01-30 19:33:57+00:00,0.012778
PSY2012-20192-21-M-002 Introduction To Psychology - D128 MW 01:00 PM,2019-01-28 18:02:43+00:00,2019-01-28 21:47:22+00:00,1.455
PSY2012-20192-21-M-002 Introduction To Psychology - D128 MW 01:00 PM,2019-04-17 22:18:12+00:00,2019-04-17 22:22:09+00:00,0.065833
PSY2012-20192-21-M-002 Introduction To Psychology - D128 MW 01:00 PM,2019-04-24 15:54:35+00:00,2019-04-24 15:55:56+00:00,0.0225
PSY2012-20192-21-M-002 Introduction To Psychology - D128 MW 01:00 PM,2019-02-04 20:08:23+00:00,2019-02-04 20:08:23+00:00,0.007778
BSC2010-20192-21-M-002 General Biology I - D218 MW 11:00 AM,2019-01-31 18:28:04+00:00,2019-01-31 20:17:10+00:00,1.818333
BSC2010-20192-21-M-002 General Biology I - D218 MW 11:00 AM,2019-04-17 22:10:05+00:00,2019-04-17 22:12:40+00:00,0.068056
BSC2010-20192-21-M-002 General Biology I - D218 MW 11:00 AM,2019-03-27 14:38:58+00:00,2019-03-27 14:39:09+00:00,0.003333
BSC2010-20192-21-M-002 General Biology I - D218 MW 11:00 AM,2019-02-25 17:58:00+00:00,2019-02-25 17:59:18+00:00,0.016944
MAT1033-20191-21-M-003 Intermediate Algebra - A101 MTWR 11:00 AM,2018-08-30 13:50:57+00:00,2018-08-30 13:50:57+00:00,0.001944
SLS1101-20191-21-M-003 Student Success - B105 TR 01:00 PM,2018-09-21 04:13:12+00:00,2018-09-21 04:13:12+00:00,0.005833
SLS1101-20191-21-M-003 Student Success - B105 TR 01:00 PM,2018-08-22 17:04:37+00:00,2018-08-22 17:12:53+00:00,0.137778
SLS1101-20191-21-M-003 Student Success - B105 TR 01:00 PM,2018-09-03 03:14:54+00:00,2018-09-03 03:14:54+00:00,0.0
SLS1101-20191-21-M-003 Student Success - B105 TR 01:00 PM,2018-08-30 00:35:15+00:00,2018-08-30 00:36:04+00:00,0.013611
SLS1101-20191-21-M-003 Student Success - B105 TR 01:00 PM,2018-09-27 00:21:55+00:00,2018-09-27 00:21:55+00:00,0.0
SLS1101-20191-21-M-003 Student Success - B105 TR 01:00 PM,2018-09-20 01:45:22+00:00,2018-09-20 01:45:29+00:00,0.005278
SLS1101-20191-21-M-003 Student Success - B105 TR 01:00 PM,2018-08-28 18:45:22+00:00,2018-08-28 19:07:46+00:00,0.373333
SLS1101-20191-21-M-003 Student Success - B105 TR 01:00 PM,2018-10-26 14:02:58+00:00,2018-10-26 14:03:32+00:00,0.009444
SLS1101-20191-21-M-003 Student Success - B105 TR 01:00 PM,2018-11-01 15:43:38+00:00,2018-11-01 16:18:28+00:00,0.580556
SLS1101-20191-21-M-003 Student Success - B105 TR 01:00 PM,2018-10-13 15:49:40+00:00,2018-10-13 15:49:48+00:00,0.002222
SLS1101-20191-21-M-003 Student Success - B105 TR 01:00 PM,2018-11-21 22:31:22+00:00,2018-11-21 22:31:22+00:00,0.000833
ENC1101-20191-21-M-010 English Composition I - B105 MW,2018-10-22 02:23:18+00:00,2018-10-22 02:23:22+00:00,0.001389
ENC1101-20191-21-M-010 English Composition I - B105 MW,2018-10-10 15:04:37+00:00,2018-10-10 15:04:45+00:00,0.002222
ENC1101-20191-21-M-010 English Composition I - B105 MW,2018-10-08 02:04:59+00:00,2018-10-08 02:04:59+00:00,0.000278
Vero Campus B126 TR,2018-09-26 15:54:57+00:00,2018-09-26 15:54:57+00:00,0.000556
Vero Campus B126 TR,2018-09-24 23:15:56+00:00,2018-09-25 00:34:15+00:00,0.000278
Vero Campus B126 TR,2018-09-18 21:56:15+00:00,2018-09-18 21:56:15+00:00,0.001667
Vero Campus B126 TR,2018-12-01 01:59:50+00:00,2018-12-01 02:00:48+00:00,0.011667
Vero Campus B126 TR,2019-01-10 02:51:23+00:00,2019-01-10 02:51:30+00:00,0.002222
BSC2010L-20192-21-M-002 General Biology I Lab - D204 W 03:30 PM,2019-01-10 00:42:00+00:00,2019-01-10 01:08:20+00:00,0.425833
BSC2010L-20192-21-M-002 General Biology I Lab - D204 W 03:30 PM,2019-01-30 15:56:22+00:00,2019-01-30 15:57:41+00:00,0.023889
BSC2010L-20192-21-M-002 General Biology I Lab - D204 W 03:30 PM,2019-03-01 13:37:42+00:00,2019-03-01 13:37:49+00:00,0.0025
BSC2010L-20192-21-M-002 General Biology I Lab - D204 W 03:30 PM,2019-02-12 12:57:25+00:00,2019-02-12 12:57:32+00:00,0.003056
PSY2012-20192-21-M-002 Introduction To Psychology - D128 MW 01:00 PM,2019-02-18 19:22:48+00:00,2019-02-18 19:22:48+00:00,0.004444
PSY2012-20192-21-M-002 Introduction To Psychology - D128 MW 01:00 PM,2019-03-25 16:56:48+00:00,2019-03-25 18:07:14+00:00,0.011944
PSY2012-20192-21-M-002 Introduction To Psychology - D128 MW 01:00 PM,2019-04-10 14:55:02+00:00,2019-04-10 16:59:57+00:00,0.028889
PSY2012-20192-21-M-002 Introduction To Psychology - D128 MW 01:00 PM,2019-02-18 16:01:03+00:00,2019-02-18 16:08:44+00:00,0.130833
SLS1101-20191-21-M-003 Student Success - B105 TR 01:00 PM,2018-10-30 17:16:12+00:00,2018-10-30 17:17:14+00:00,0.012778
SLS1101-20191-21-M-003 Student Success - B105 TR 01:00 PM,2018-12-03 17:05:35+00:00,2018-12-03 17:05:35+00:00,0.000556
Vero Campus B126 TR,2018-09-18 13:35:50+00:00,2018-09-18 16:22:33+00:00,1.740833
Vero Campus B126 TR,2018-12-03 17:05:37+00:00,2018-12-03 17:11:59+00:00,0.106111
PSY2012-20192-21-M-002 Introduction To Psychology - D128 MW 01:00 PM,2019-02-12 23:28:21+00:00,2019-02-12 23:28:26+00:00,0.000833
PSY2012-20192-21-M-002 Introduction To Psychology - D128 MW 01:00 PM,2019-03-04 18:49:25+00:00,2019-03-04 18:49:32+00:00,0.001944
PSY2012-20192-21-M-002 Introduction To Psychology - D128 MW 01:00 PM,2019-04-03 17:00:24+00:00,2019-04-03 17:39:03+00:00,0.644167
ENC1102-20193-21-B-003 English Composition II - D211 MTWR 11:00 AM,2019-07-08 14:10:44+00:00,2019-07-08 14:15:48+00:00,0.084444
ENC1102-20193-21-B-003 English Composition II - D211 MTWR 11:00 AM,2020-02-03 23:23:03.848000+00:00,2020-02-03 23:23:03.848000+00:00,0.000833
ENC1102-20193-21-B-003 English Composition II - D211 MTWR 11:00 AM,2020-04-03 12:26:30.602000+00:00,2020-04-03 12:26:55.407000+00:00,0.007222
ENC1102-20193-21-B-003 English Composition II - D211 MTWR 11:00 AM,2019-07-30 18:21:56+00:00,2019-07-30 18:22:11+00:00,0.011111
ENC1102-20193-21-B-003 English Composition II - D211 MTWR 11:00 AM,2019-07-16 16:58:33+00:00,2019-07-16 17:00:11+00:00,0.227778
ENC1102-20193-21-B-003 English Composition II - D211 MTWR 11:00 AM,2019-07-02 11:44:45+00:00,2019-07-02 11:44:45+00:00,0.002222
SYG2010-20193-21-B-001 Social Problems - A129 TR 02:45 PM,2019-08-06 17:43:45+00:00,2019-08-06 17:45:01+00:00,0.011111
SYG2010-20193-21-B-001 Social Problems - A129 TR 02:45 PM,2019-07-15 17:00:25+00:00,2019-07-15 17:03:39+00:00,0.053889
BSC2010-20192-21-M-002 General Biology I - D218 MW 11:00 AM,2019-01-29 17:12:03+00:00,2019-01-29 17:13:43+00:00,0.028056
BSC2010-20192-21-M-002 General Biology I - D218 MW 11:00 AM,2019-01-23 15:47:19+00:00,2019-01-23 16:05:59+00:00,0.258889
BSC2010-20192-21-M-002 General Biology I - D218 MW 11:00 AM,2019-02-02 15:28:03+00:00,2019-02-02 15:28:28+00:00,0.006667
BSC2010-20192-21-M-002 General Biology I - D218 MW 11:00 AM,2019-01-07 02:56:59+00:00,2019-01-07 02:57:14+00:00,0.005833
BSC2010-20192-21-M-002 General Biology I - D218 MW 11:00 AM,2019-04-24 18:44:14+00:00,2019-04-24 18:44:30+00:00,0.002778
BSC2010-20192-21-M-002 General Biology I - D218 MW 11:00 AM,2019-04-10 16:07:23+00:00,2019-04-10 16:07:23+00:00,0.001111
BSC2010-20192-21-M-002 General Biology I - D218 MW 11:00 AM,2019-01-12 16:47:32+00:00,2019-01-12 16:48:20+00:00,0.010278
BSC2010-20192-21-M-002 General Biology I - D218 MW 11:00 AM,2019-02-12 12:57:24+00:00,2019-02-12 12:57:37+00:00,0.000556
BSC2010-20192-21-M-002 General Biology I - D218 MW 11:00 AM,2019-04-01 00:20:16+00:00,2019-04-01 00:44:50+00:00,0.409444
BSC2010-20192-21-M-002 General Biology I - D218 MW 11:00 AM,2019-03-15 02:05:01+00:00,2019-03-15 03:04:06+00:00,0.979444
SLS1101-20191-21-M-003 Student Success - B105 TR 01:00 PM,2018-09-05 15:21:47+00:00,2018-09-05 16:13:12+00:00,0.856944
SLS1101-20191-21-M-003 Student Success - B105 TR 01:00 PM,2018-09-06 17:11:36+00:00,2018-09-06 17:14:42+00:00,0.051667
SLS1101-20191-21-M-003 Student Success - B105 TR 01:00 PM,2018-10-18 17:03:44+00:00,2018-10-18 17:04:04+00:00,0.009167
SLS1101-20191-21-M-003 Student Success - B105 TR 01:00 PM,2018-11-06 18:54:29+00:00,2018-11-06 18:55:22+00:00,0.014167
SLS1101-20191-21-M-003 Student Success - B105 TR 01:00 PM,2018-08-23 14:17:27+00:00,2018-08-23 15:14:52+00:00,0.958333
SLS1101-20191-21-M-003 Student Success - B105 TR 01:00 PM,2018-09-14 19:11:30+00:00,2018-09-14 19:11:47+00:00,0.004722
SLS1101-20191-21-M-003 Student Success - B105 TR 01:00 PM,2018-09-30 18:00:41+00:00,2018-09-30 18:01:10+00:00,0.008056
SLS1101-20191-21-M-003 Student Success - B105 TR 01:00 PM,2018-09-20 15:24:43+00:00,2018-09-20 15:24:49+00:00,0.001667
SLS1101-20191-21-M-003 Student Success - B105 TR 01:00 PM,2018-09-19 18:48:51+00:00,2018-09-19 18:48:51+00:00,0.001667
SLS1101-20191-21-M-003 Student Success - B105 TR 01:00 PM,2018-09-29 15:53:40+00:00,2018-09-29 15:53:53+00:00,0.003611
SLS1101-20191-21-M-003 Student Success - B105 TR 01:00 PM,2018-09-26 17:08:57+00:00,2018-09-26 17:10:59+00:00,0.018889
SLS1101-20191-21-M-003 Student Success - B105 TR 01:00 PM,2018-12-04 00:30:33+00:00,2018-12-04 00:30:33+00:00,0.000556
SLS1101-20191-21-M-003 Student Success - B105 TR 01:00 PM,2018-10-09 00:11:51+00:00,2018-10-09 00:11:57+00:00,0.001667
SLS1101-20191-21-M-003 Student Success - B105 TR 01:00 PM,2018-09-18 15:20:18+00:00,2018-09-18 16:23:16+00:00,1.0425
ENC1101-20191-21-M-010 English Composition I - B105 MW,2018-10-23 15:36:29+00:00,2018-10-23 15:36:29+00:00,0.001111
ENC1101-20191-21-M-010 English Composition I - B105 MW,2018-09-19 00:31:20+00:00,2018-09-19 00:31:20+00:00,0.000278
ENC1101-20191-21-M-010 English Composition I - B105 MW,2018-08-26 15:44:31+00:00,2018-08-26 15:45:04+00:00,0.001667
ENC1101-20191-21-M-010 English Composition I - B105 MW,2018-09-07 19:54:38+00:00,2018-09-07 19:56:32+00:00,0.033056
ENC1101-20191-21-M-010 English Composition I - B105 MW,2018-09-19 18:29:54+00:00,2018-09-19 18:30:19+00:00,0.0075
Vero Campus B126 TR,2018-10-31 16:46:27+00:00,2018-10-31 16:46:27+00:00,0.005
Vero Campus B126 TR,2018-10-13 15:39:45+00:00,2018-10-13 15:40:44+00:00,0.005556
Vero Campus B126 TR,2018-10-23 15:36:33+00:00,2018-10-23 15:36:48+00:00,0.051111
Vero Campus B126 TR,2018-10-25 23:48:20+00:00,2018-10-25 23:48:34+00:00,0.000833
BSC2010L-20192-21-M-002 General Biology I Lab - D204 W 03:30 PM,2019-01-28 04:21:49+00:00,2019-01-28 04:21:49+00:00,0.000278
BSC2010L-20192-21-M-002 General Biology I Lab - D204 W 03:30 PM,2019-02-25 16:24:56+00:00,2019-02-25 16:34:03+00:00,0.129167
BSC2010L-20192-21-M-002 General Biology I Lab - D204 W 03:30 PM,2019-04-07 01:27:37+00:00,2019-04-07 01:27:52+00:00,0.004444
BSC2010L-20192-21-M-002 General Biology I Lab - D204 W 03:30 PM,2019-04-08 14:48:40+00:00,2019-04-08 14:49:04+00:00,0.003333
BSC2010L-20192-21-M-002 General Biology I Lab - D204 W 03:30 PM,2019-03-31 22:39:44+00:00,2019-03-31 22:39:44+00:00,0.000556
BSC2010L-20192-21-M-002 General Biology I Lab - D204 W 03:30 PM,2019-04-10 14:50:30+00:00,2019-04-10 14:55:07+00:00,0.038056
BSC2010L-20192-21-M-002 General Biology I Lab - D204 W 03:30 PM,2019-01-31 02:09:15+00:00,2019-01-31 02:09:49+00:00,0.009167
PSY2012-20192-21-M-002 Introduction To Psychology - D128 MW 01:00 PM,2019-02-11 21:05:21+00:00,2019-02-11 21:05:43+00:00,0.006111
PSY2012-20192-21-M-002 Introduction To Psychology - D128 MW 01:00 PM,2019-02-04 17:58:13+00:00,2019-02-04 18:01:27+00:00,0.053889
PSY2012-20192-21-M-002 Introduction To Psychology - D128 MW 01:00 PM,2019-04-07 02:08:54+00:00,2019-04-07 02:08:59+00:00,0.001389
SYG2010-20193-21-B-001 Social Problems - A129 TR 02:45 PM,2019-08-06 18:43:15+00:00,2019-08-06 18:43:15+00:00,0.0
BSC2010-20192-21-M-002 General Biology I - D218 MW 11:00 AM,2019-02-12 01:47:01+00:00,2019-02-12 01:47:09+00:00,0.003889
BSC2010-20192-21-M-002 General Biology I - D218 MW 11:00 AM,2019-04-02 16:04:54+00:00,2019-04-02 16:04:54+00:00,0.0
BSC2010-20192-21-M-002 General Biology I - D218 MW 11:00 AM,2019-02-20 16:37:48+00:00,2019-02-20 16:41:10+00:00,0.003056
SLS1101-20191-21-M-003 Student Success - B105 TR 01:00 PM,2018-11-13 20:03:58+00:00,2018-11-13 20:41:39+00:00,0.628056
SLS1101-20191-21-M-003 Student Success - B105 TR 01:00 PM,2018-09-26 15:55:33+00:00,2018-09-26 16:32:43+00:00,0.619444
SLS1101-20191-21-M-003 Student Success - B105 TR 01:00 PM,2018-09-19 18:28:45+00:00,2018-09-19 18:31:40+00:00,0.038611
SLS1101-20191-21-M-003 Student Success - B105 TR 01:00 PM,2018-08-28 17:01:27+00:00,2018-08-28 17:51:34+00:00,0.830833
ENC1101-20191-21-M-010 English Composition I - B105 MW,2018-10-18 01:00:36+00:00,2018-10-18 01:00:36+00:00,0.000556
ENC1101-20191-21-M-010 English Composition I - B105 MW,2018-09-24 16:00:31+00:00,2018-09-24 16:55:48+00:00,0.006667
ENC1101-20191-21-M-010 English Composition I - B105 MW,2018-09-11 14:06:49+00:00,2018-09-11 14:57:33+00:00,0.826667
ENC1101-20191-21-M-010 English Composition I - B105 MW,2018-10-24 15:37:02+00:00,2018-10-24 15:37:48+00:00,0.008889
ENC1101-20191-21-M-010 English Composition I - B105 MW,2018-11-28 17:59:32+00:00,2018-11-28 17:59:32+00:00,0.003889
Vero Campus B126 TR,2018-09-19 13:17:20+00:00,2018-09-19 13:17:20+00:00,0.009444
Vero Campus B126 TR,2019-01-08 14:32:43+00:00,2019-01-08 14:32:43+00:00,0.000556
Vero Campus B126 TR,2018-10-09 21:16:28+00:00,2018-10-09 21:40:58+00:00,0.408333
Vero Campus B126 TR,2018-09-23 16:41:03+00:00,2018-09-23 16:41:07+00:00,0.000278
Vero Campus B126 TR,2018-09-24 16:01:00+00:00,2018-09-24 16:01:00+00:00,0.387778
BSC2010L-20192-21-M-002 General Biology I Lab - D204 W 03:30 PM,2019-04-10 16:07:27+00:00,2019-04-10 16:07:27+00:00,0.003333
PSY2012-20192-21-M-002 Introduction To Psychology - D128 MW 01:00 PM,2019-02-13 18:00:43+00:00,2019-02-13 18:43:35+00:00,0.566389
PSY2012-20192-21-M-002 Introduction To Psychology - D128 MW 01:00 PM,2019-06-26 16:44:54+00:00,2019-06-26 16:44:54+00:00,0.0
PSY2012-20192-21-M-002 Introduction To Psychology - D128 MW 01:00 PM,2019-01-30 17:39:25+00:00,2019-01-30 17:45:18+00:00,0.081944
PSY2012-20192-21-M-002 Introduction To Psychology - D128 MW 01:00 PM,2019-04-08 20:32:54+00:00,2019-04-08 20:34:24+00:00,0.025
PSY2012-20192-21-M-002 Introduction To Psychology - D128 MW 01:00 PM,2019-04-21 01:03:17+00:00,2019-04-21 01:03:17+00:00,0.000556
PSY2012-20192-21-M-002 Introduction To Psychology - D128 MW 01:00 PM,2019-02-20 17:57:53+00:00,2019-02-20 18:10:06+00:00,0.203611
PSY2012-20192-21-M-002 Introduction To Psychology - D128 MW 01:00 PM,2019-02-14 03:07:38+00:00,2019-02-14 03:07:49+00:00,0.003056
PSY2012-20192-21-M-002 Introduction To Psychology - D128 MW 01:00 PM,2019-04-21 13:53:19+00:00,2019-04-21 15:31:49+00:00,1.641667
PSY2012-20192-21-M-002 Introduction To Psychology - D128 MW 01:00 PM,2019-03-11 18:33:32+00:00,2019-03-11 18:34:08+00:00,0.013056
ENC1101-20191-21-M-010 English Composition I - B105 MW,2018-08-24 15:45:10+00:00,2018-08-24 15:45:10+00:00,0.0
Vero Campus B126 TR,2018-10-16 14:10:20+00:00,2018-10-16 14:10:37+00:00,0.004722
Vero Campus B126 TR,2019-01-12 16:48:12+00:00,2019-01-12 16:48:18+00:00,0.000833
Vero Campus B126 TR,2018-10-30 15:05:13+00:00,2018-10-30 15:05:13+00:00,1.101944
Vero Campus B126 TR,2018-10-15 04:11:16+00:00,2018-10-15 04:11:16+00:00,0.0
BSC2010L-20192-21-M-002 General Biology I Lab - D204 W 03:30 PM,2019-04-18 12:52:29+00:00,2019-04-18 12:52:29+00:00,0.001111
BSC2010L-20192-21-M-002 General Biology I Lab - D204 W 03:30 PM,2019-01-12 20:40:14+00:00,2019-01-12 22:19:53+00:00,0.001389
PSY2012-20192-21-M-002 Introduction To Psychology - D128 MW 01:00 PM,2019-06-29 21:29:22+00:00,2019-06-29 21:29:22+00:00,0.000278
PSY2012-20192-21-M-002 Introduction To Psychology - D128 MW 01:00 PM,2019-01-10 18:01:28+00:00,2019-01-10 18:01:33+00:00,0.001389
ENC1102-20193-21-B-003 English Composition II - D211 MTWR 11:00 AM,2019-07-30 17:59:40+00:00,2019-07-30 18:00:52+00:00,0.012778
ENC1102-20193-21-B-003 English Composition II - D211 MTWR 11:00 AM,2019-07-23 19:48:48+00:00,2019-07-23 19:49:57+00:00,0.017222
ENC1102-20193-21-B-003 English Composition II - D211 MTWR 11:00 AM,2019-08-09 12:49:07+00:00,2019-08-09 12:49:58+00:00,0.011667
ENC1102-20193-21-B-003 English Composition II - D211 MTWR 11:00 AM,2019-07-02 22:10:03+00:00,2019-07-02 22:20:41+00:00,1.049444
SYG2010-20193-21-B-001 Social Problems - A129 TR 02:45 PM,2019-06-26 17:15:03+00:00,2019-06-26 17:15:33+00:00,0.008333
SYG2010-20193-21-B-001 Social Problems - A129 TR 02:45 PM,2020-02-03 23:23:07.435000+00:00,2020-02-03 23:23:12.314000+00:00,0.018611
SYG2010-20193-21-B-001 Social Problems - A129 TR 02:45 PM,2019-07-11 18:19:37+00:00,2019-07-11 18:19:46+00:00,0.002778
SYG2010-20193-21-B-001 Social Problems - A129 TR 02:45 PM,2019-07-10 14:55:01+00:00,2019-07-10 14:55:10+00:00,0.005556
SYG2010-20193-21-B-001 Social Problems - A129 TR 02:45 PM,2019-07-02 20:22:39+00:00,2019-07-02 20:22:52+00:00,0.003611
BSC2010-20192-21-M-002 General Biology I - D218 MW 11:00 AM,2019-04-03 15:08:05+00:00,2019-04-03 16:49:59+00:00,0.251944
BSC2010-20192-21-M-002 General Biology I - D218 MW 11:00 AM,2019-02-04 16:01:28+00:00,2019-02-04 16:01:50+00:00,0.006111
BSC2010-20192-21-M-002 General Biology I - D218 MW 11:00 AM,2019-03-04 18:48:06+00:00,2019-03-04 18:48:10+00:00,0.008611
BSC2010-20192-21-M-002 General Biology I - D218 MW 11:00 AM,2019-02-03 22:31:07+00:00,2019-02-03 22:31:07+00:00,0.015
BSC2010-20192-21-M-002 General Biology I - D218 MW 11:00 AM,2019-02-20 16:02:16+00:00,2019-02-20 16:07:22+00:00,0.072778
BSC2010-20192-21-M-002 General Biology I - D218 MW 11:00 AM,2019-04-15 15:02:09+00:00,2019-04-15 15:39:14+00:00,0.235556
BSC2010-20192-21-M-002 General Biology I - D218 MW 11:00 AM,2019-04-22 15:03:15+00:00,2019-04-22 16:14:56+00:00,0.965
BSC2010-20192-21-M-002 General Biology I - D218 MW 11:00 AM,2019-02-01 03:03:36+00:00,2019-02-01 03:11:16+00:00,0.127778
BSC2010-20192-21-M-002 General Biology I - D218 MW 11:00 AM,2019-01-28 04:21:47+00:00,2019-01-28 04:24:21+00:00,0.012222
BSC2010-20192-21-M-002 General Biology I - D218 MW 11:00 AM,2019-01-31 17:59:54+00:00,2019-01-31 18:01:59+00:00,0.0125
BSC2010-20192-21-M-002 General Biology I - D218 MW 11:00 AM,2019-01-15 22:39:25+00:00,2019-01-15 22:39:25+00:00,0.004167
BSC2010-20192-21-M-002 General Biology I - D218 MW 11:00 AM,2019-02-02 02:11:11+00:00,2019-02-02 02:11:11+00:00,0.011667
BSC2010-20192-21-M-002 General Biology I - D218 MW 11:00 AM,2019-02-11 20:32:37+00:00,2019-02-11 21:42:07+00:00,0.129722
SLS1101-20191-21-M-003 Student Success - B105 TR 01:00 PM,2018-08-30 13:50:15+00:00,2018-08-30 13:50:25+00:00,0.008333
SLS1101-20191-21-M-003 Student Success - B105 TR 01:00 PM,2018-11-10 16:50:03+00:00,2018-11-10 17:22:36+00:00,0.5425
SLS1101-20191-21-M-003 Student Success - B105 TR 01:00 PM,2018-09-29 14:54:02+00:00,2018-09-29 14:54:02+00:00,0.0
SLS1101-20191-21-M-003 Student Success - B105 TR 01:00 PM,2018-10-08 02:01:52+00:00,2018-10-08 02:05:13+00:00,0.004722
SLS1101-20191-21-M-003 Student Success - B105 TR 01:00 PM,2018-10-07 19:33:30+00:00,2018-10-07 19:33:30+00:00,0.0
SLS1101-20191-21-M-003 Student Success - B105 TR 01:00 PM,2018-10-25 18:31:33+00:00,2018-10-25 18:31:33+00:00,0.000556
SLS1101-20191-21-M-003 Student Success - B105 TR 01:00 PM,2018-09-04 01:33:33+00:00,2018-09-04 01:33:59+00:00,0.007222
SLS1101-20191-21-M-003 Student Success - B105 TR 01:00 PM,2018-11-11 19:29:27+00:00,2018-11-11 19:30:04+00:00,0.010278
SLS1101-20191-21-M-003 Student Success - B105 TR 01:00 PM,2018-12-05 15:12:00+00:00,2018-12-05 15:12:00+00:00,0.000278
SLS1101-20191-21-M-003 Student Success - B105 TR 01:00 PM,2018-10-06 01:10:05+00:00,2018-10-06 01:10:05+00:00,0.0025
ENC1101-20191-21-M-010 English Composition I - B105 MW,2018-09-26 13:31:18+00:00,2018-09-26 13:31:18+00:00,0.008611
ENC1101-20191-21-M-010 English Composition I - B105 MW,2018-12-01 02:00:36+00:00,2018-12-01 02:00:50+00:00,0.001944
ENC1101-20191-21-M-010 English Composition I - B105 MW,2018-10-20 18:31:46+00:00,2018-10-20 18:36:36+00:00,0.074167
ENC1101-20191-21-M-010 English Composition I - B105 MW,2019-01-09 02:00:36+00:00,2019-01-09 02:00:36+00:00,0.000556
ENC1101-20191-21-M-010 English Composition I - B105 MW,2018-08-21 14:19:51+00:00,2018-08-21 14:19:57+00:00,0.001667
Vero Campus B126 TR,2018-10-20 03:02:20+00:00,2018-10-20 03:02:44+00:00,0.006944
Vero Campus B126 TR,2018-11-05 17:55:06+00:00,2018-11-05 17:55:06+00:00,0.001111
Vero Campus B126 TR,2018-08-23 14:11:58+00:00,2018-08-23 14:12:02+00:00,1.730278
Vero Campus B126 TR,2018-10-17 13:02:23+00:00,2018-10-17 13:02:23+00:00,0.0
BSC2010L-20192-21-M-002 General Biology I Lab - D204 W 03:30 PM,2019-03-04 14:03:58+00:00,2019-03-04 14:04:04+00:00,0.001667
BSC2010L-20192-21-M-002 General Biology I Lab - D204 W 03:30 PM,2019-01-10 17:22:17+00:00,2019-01-10 17:23:32+00:00,0.024167
PSY2012-20192-21-M-002 Introduction To Psychology - D128 MW 01:00 PM,2019-03-16 00:24:50+00:00,2019-03-16 00:25:03+00:00,0.003611
PSY2012-20192-21-M-002 Introduction To Psychology - D128 MW 01:00 PM,2020-02-03 23:23:06.391000+00:00,2020-02-03 23:23:10.728000+00:00,0.000833
SYG2010-20193-21-B-001 Social Problems - A129 TR 02:45 PM,2019-06-26 11:52:29+00:00,2019-06-26 11:52:29+00:00,0.0
BSC2010-20192-21-M-002 General Biology I - D218 MW 11:00 AM,2019-01-16 23:46:21+00:00,2019-01-16 23:46:57+00:00,0.01
BSC2010-20192-21-M-002 General Biology I - D218 MW 11:00 AM,2019-01-10 17:23:48+00:00,2019-01-10 17:29:40+00:00,0.104444
BSC2010-20192-21-M-002 General Biology I - D218 MW 11:00 AM,2019-03-11 01:34:34+00:00,2019-03-11 01:35:20+00:00,0.008889
BSC2010-20192-21-M-002 General Biology I - D218 MW 11:00 AM,2019-02-13 02:24:42+00:00,2019-02-13 02:25:02+00:00,0.003889
SLS1101-20191-21-M-003 Student Success - B105 TR 01:00 PM,2018-10-17 13:02:18+00:00,2018-10-17 13:02:18+00:00,0.001389
SLS1101-20191-21-M-003 Student Success - B105 TR 01:00 PM,2018-09-27 14:04:45+00:00,2018-09-27 14:08:13+00:00,0.048611
SLS1101-20191-21-M-003 Student Success - B105 TR 01:00 PM,2018-09-23 04:29:07+00:00,2018-09-23 04:29:07+00:00,0.000833
SLS1101-20191-21-M-003 Student Success - B105 TR 01:00 PM,2018-09-21 15:02:39+00:00,2018-09-21 15:03:45+00:00,0.0175
SLS1101-20191-21-M-003 Student Success - B105 TR 01:00 PM,2018-09-02 00:17:07+00:00,2018-09-02 00:17:38+00:00,0.020278
SLS1101-20191-21-M-003 Student Success - B105 TR 01:00 PM,2019-01-09 02:00:33+00:00,2019-01-09 02:00:33+00:00,0.000278
SLS1101-20191-21-M-003 Student Success - B105 TR 01:00 PM,2018-09-18 22:15:41+00:00,2018-09-18 22:15:41+00:00,0.0
SLS1101-20191-21-M-003 Student Success - B105 TR 01:00 PM,2018-09-03 14:38:54+00:00,2018-09-03 14:39:51+00:00,0.006111
SLS1101-20191-21-M-003 Student Success - B105 TR 01:00 PM,2018-12-06 15:19:05+00:00,2018-12-06 15:19:05+00:00,0.000278
SLS1101-20191-21-M-003 Student Success - B105 TR 01:00 PM,2018-12-05 02:55:39+00:00,2018-12-05 02:55:39+00:00,0.0
ENC1101-20191-21-M-010 English Composition I - B105 MW,2018-12-04 00:28:06+00:00,2018-12-04 00:28:06+00:00,0.040833
ENC1101-20191-21-M-010 English Composition I - B105 MW,2018-09-23 16:41:04+00:00,2018-09-23 16:41:04+00:00,0.000833
ENC1101-20191-21-M-010 English Composition I - B105 MW,2018-10-17 13:29:03+00:00,2018-10-17 13:29:03+00:00,0.0
Vero Campus B126 TR,2018-10-30 20:02:35+00:00,2018-10-30 20:03:10+00:00,0.013611
Vero Campus B126 TR,2018-12-06 17:13:38+00:00,2018-12-06 17:13:38+00:00,0.011389
Vero Campus B126 TR,2018-11-20 13:03:08+00:00,2018-11-20 13:05:07+00:00,0.023333
Vero Campus B126 TR,2018-10-26 12:58:09+00:00,2018-10-26 12:58:09+00:00,0.004167
Vero Campus B126 TR,2018-10-24 15:37:49+00:00,2018-10-24 15:37:49+00:00,0.000833
ORI0003-251574 ORIENTATION - INTERNET  NR,2019-01-12 22:20:00+00:00,2019-01-12 22:20:00+00:00,0.000833
BSC2010L-20192-21-M-002 General Biology I Lab - D204 W 03:30 PM,2019-04-19 00:27:18+00:00,2019-04-19 00:27:33+00:00,0.004167
BSC2010L-20192-21-M-002 General Biology I Lab - D204 W 03:30 PM,2019-04-03 22:59:52+00:00,2019-04-03 23:07:06+00:00,0.060833
BSC2010L-20192-21-M-002 General Biology I Lab - D204 W 03:30 PM,2019-01-23 20:10:57+00:00,2019-01-23 20:10:57+00:00,0.004722
BSC2010L-20192-21-M-002 General Biology I Lab - D204 W 03:30 PM,2019-04-08 19:57:23+00:00,2019-04-08 19:57:23+00:00,0.011944
PSY2012-20192-21-M-002 Introduction To Psychology - D128 MW 01:00 PM,2019-04-16 02:01:52+00:00,2019-04-16 02:02:01+00:00,0.0025
PSY2012-20192-21-M-002 Introduction To Psychology - D128 MW 01:00 PM,2019-04-30 13:02:20+00:00,2019-04-30 13:02:20+00:00,0.007222
PSY2012-20192-21-M-002 Introduction To Psychology - D128 MW 01:00 PM,2019-02-04 01:42:40+00:00,2019-02-04 01:42:45+00:00,0.001389
PSY2012-20192-21-M-002 Introduction To Psychology - D128 MW 01:00 PM,2019-01-09 17:52:15+00:00,2019-01-09 18:01:07+00:00,0.147778
SLS1101-20191-21-M-003 Student Success - B105 TR 01:00 PM,2018-09-20 19:10:21+00:00,2018-09-20 19:13:21+00:00,0.05
ENC1101-20191-21-M-010 English Composition I - B105 MW,2018-08-30 00:36:54+00:00,2018-08-30 00:37:16+00:00,0.001111
Vero Campus B126 TR,2019-06-26 16:44:52+00:00,2019-06-26 16:44:52+00:00,0.000556
Vero Campus B126 TR,2018-09-20 01:05:28+00:00,2018-09-20 01:46:20+00:00,0.664167
BSC2010L-20192-21-M-002 General Biology I Lab - D204 W 03:30 PM,2019-02-20 22:30:10+00:00,2019-02-20 22:30:34+00:00,0.006944
BSC2010L-20192-21-M-002 General Biology I Lab - D204 W 03:30 PM,2019-01-31 18:00:35+00:00,2019-01-31 18:06:35+00:00,0.006667
PSY2012-20192-21-M-002 Introduction To Psychology - D128 MW 01:00 PM,2019-02-27 17:59:22+00:00,2019-02-27 18:01:12+00:00,0.013333
PSY2012-20192-21-M-002 Introduction To Psychology - D128 MW 01:00 PM,2019-01-10 01:08:36+00:00,2019-01-10 01:45:51+00:00,1.093056
BSC2010L-20192-21-M-002 General Biology I Lab - D204 W 03:30 PM,2019-03-07 02:25:01+00:00,2019-03-07 02:25:07+00:00,0.001667
ENC1102-20193-21-B-003 English Composition II - D211 MTWR 11:00 AM,2019-07-22 13:54:30+00:00,2019-07-22 13:54:30+00:00,0.01
ENC1102-20193-21-B-003 English Composition II - D211 MTWR 11:00 AM,2019-07-03 14:06:35+00:00,2019-07-03 14:06:41+00:00,0.014444
ENC1102-20193-21-B-003 English Composition II - D211 MTWR 11:00 AM,2019-07-11 23:02:10+00:00,2019-07-12 01:36:37+00:00,2.574167
ENC1102-20193-21-B-003 English Composition II - D211 MTWR 11:00 AM,2019-07-09 17:05:48+00:00,2019-07-09 18:27:53+00:00,1.3625
ENC1102-20193-21-B-003 English Composition II - D211 MTWR 11:00 AM,2019-07-22 16:49:40+00:00,2019-07-22 17:35:31+00:00,0.764167
SYG2010-20193-21-B-001 Social Problems - A129 TR 02:45 PM,2019-07-10 16:44:18+00:00,2019-07-10 17:53:31+00:00,0.016667
SYG2010-20193-21-B-001 Social Problems - A129 TR 02:45 PM,2019-07-04 13:46:52+00:00,2019-07-04 13:46:58+00:00,0.002222
SYG2010-20193-21-B-001 Social Problems - A129 TR 02:45 PM,2019-07-02 23:13:01+00:00,2019-07-03 00:42:56+00:00,1.497778
BSC2010-20192-21-M-002 General Biology I - D218 MW 11:00 AM,2019-03-26 16:20:55+00:00,2019-03-26 17:25:35+00:00,1.077778
BSC2010-20192-21-M-002 General Biology I - D218 MW 11:00 AM,2019-02-07 21:58:49+00:00,2019-02-07 21:58:49+00:00,0.0025
BSC2010-20192-21-M-002 General Biology I - D218 MW 11:00 AM,2019-02-18 16:08:54+00:00,2019-02-18 16:09:00+00:00,0.001944
BSC2010-20192-21-M-002 General Biology I - D218 MW 11:00 AM,2019-01-24 19:59:54+00:00,2019-01-24 21:48:25+00:00,0.741667
BSC2010-20192-21-M-002 General Biology I - D218 MW 11:00 AM,2019-03-06 16:04:50+00:00,2019-03-06 17:11:29+00:00,0.28
BSC2010-20192-21-M-002 General Biology I - D218 MW 11:00 AM,2019-04-19 21:42:14+00:00,2019-04-19 21:42:14+00:00,0.000556
BSC2010-20192-21-M-002 General Biology I - D218 MW 11:00 AM,2019-04-08 19:58:06+00:00,2019-04-08 20:32:35+00:00,0.533611
BSC2010-20192-21-M-002 General Biology I - D218 MW 11:00 AM,2019-04-24 17:58:26+00:00,2019-04-24 17:58:26+00:00,0.001944
BSC2010-20192-21-M-002 General Biology I - D218 MW 11:00 AM,2019-01-07 20:27:12+00:00,2019-01-07 20:27:22+00:00,0.003056
BSC2010-20192-21-M-002 General Biology I - D218 MW 11:00 AM,2019-02-18 20:47:21+00:00,2019-02-18 21:56:02+00:00,1.137778
BSC2010-20192-21-M-002 General Biology I - D218 MW 11:00 AM,2019-04-20 02:19:21+00:00,2019-04-20 02:19:21+00:00,0.000278
BSC2010-20192-21-M-002 General Biology I - D218 MW 11:00 AM,2019-01-28 15:04:16+00:00,2019-01-28 15:06:28+00:00,0.036667
SLS1101-20191-21-M-003 Student Success - B105 TR 01:00 PM,2018-09-28 12:51:56+00:00,2018-09-28 12:52:03+00:00,0.001944
SLS1101-20191-21-M-003 Student Success - B105 TR 01:00 PM,2018-11-20 13:03:32+00:00,2018-11-20 13:04:47+00:00,0.001667
SLS1101-20191-21-M-003 Student Success - B105 TR 01:00 PM,2018-09-24 16:00:37+00:00,2018-09-24 16:00:37+00:00,0.001389
SLS1101-20191-21-M-003 Student Success - B105 TR 01:00 PM,2018-09-19 00:31:21+00:00,2018-09-19 00:31:34+00:00,0.003611
SLS1101-20191-21-M-003 Student Success - B105 TR 01:00 PM,2018-09-18 11:54:06+00:00,2018-09-18 11:54:34+00:00,0.020833
SLS1101-20191-21-M-003 Student Success - B105 TR 01:00 PM,2019-01-07 02:57:25+00:00,2019-01-07 02:57:37+00:00,0.104167
SLS1101-20191-21-M-003 Student Success - B105 TR 01:00 PM,2018-09-28 03:20:10+00:00,2018-09-28 03:20:17+00:00,0.001944
SLS1101-20191-21-M-003 Student Success - B105 TR 01:00 PM,2018-08-30 15:23:10+00:00,2018-08-30 15:23:19+00:00,0.0025
SLS1101-20191-21-M-003 Student Success - B105 TR 01:00 PM,2018-11-30 02:14:24+00:00,2018-11-30 02:14:24+00:00,0.000556
SLS1101-20191-21-M-003 Student Success - B105 TR 01:00 PM,2018-08-20 20:08:55+00:00,2018-08-20 20:09:08+00:00,0.001389
SLS1101-20191-21-M-003 Student Success - B105 TR 01:00 PM,2018-10-15 22:35:45+00:00,2018-10-15 22:36:02+00:00,0.004722
SLS1101-20191-21-M-003 Student Success - B105 TR 01:00 PM,2018-10-18 13:55:04+00:00,2018-10-18 13:55:04+00:00,0.0
ENC1101-20191-21-M-010 English Composition I - B105 MW,2018-09-19 18:48:26+00:00,2018-09-19 18:48:57+00:00,0.005556
ENC1101-20191-21-M-010 English Composition I - B105 MW,2018-10-11 13:33:48+00:00,2018-10-11 14:11:35+00:00,0.216667
ENC1101-20191-21-M-010 English Composition I - B105 MW,2018-10-01 17:58:00+00:00,2018-10-01 17:58:02+00:00,0.002778
ENC1101-20191-21-M-010 English Composition I - B105 MW,2018-08-23 20:05:55+00:00,2018-08-23 20:34:11+00:00,0.444444
ENC1101-20191-21-M-010 English Composition I - B105 MW,2019-01-07 02:57:32+00:00,2019-01-07 02:57:32+00:00,0.001389
ENC1101-20191-21-M-010 English Composition I - B105 MW,2018-10-29 23:19:19+00:00,2018-10-29 23:24:36+00:00,0.007778
ENC1101-20191-21-M-010 English Composition I - B105 MW,2018-11-20 17:26:40+00:00,2018-11-20 17:26:40+00:00,0.0
Vero Campus B126 TR,2018-11-23 04:06:38+00:00,2018-11-23 04:07:16+00:00,0.007778
Vero Campus B126 TR,2018-10-24 15:38:18+00:00,2018-10-24 15:38:29+00:00,0.003056
Vero Campus B126 TR,2018-12-06 17:53:53+00:00,2018-12-06 17:53:53+00:00,0.01
Vero Campus B126 TR,2018-09-11 17:11:07+00:00,2018-09-11 17:11:07+00:00,0.000833
ORI0003-251574 ORIENTATION - INTERNET  NR,2018-09-29 02:49:25+00:00,2018-09-29 02:49:25+00:00,0.000278
BSC2010L-20192-21-M-002 General Biology I Lab - D204 W 03:30 PM,2019-03-13 23:12:17+00:00,2019-03-13 23:12:44+00:00,0.0925
BSC2010L-20192-21-M-002 General Biology I Lab - D204 W 03:30 PM,2019-04-19 21:40:24+00:00,2019-04-19 21:42:16+00:00,0.026389
BSC2010L-20192-21-M-002 General Biology I Lab - D204 W 03:30 PM,2019-02-21 01:39:28+00:00,2019-02-21 01:44:29+00:00,0.108056
BSC2010L-20192-21-M-002 General Biology I Lab - D204 W 03:30 PM,2019-01-30 23:52:38+00:00,2019-01-30 23:52:38+00:00,0.004444
PSY2012-20192-21-M-002 Introduction To Psychology - D128 MW 01:00 PM,2019-02-25 17:59:21+00:00,2019-02-25 18:00:58+00:00,0.027222
PSY2012-20192-21-M-002 Introduction To Psychology - D128 MW 01:00 PM,2019-03-27 17:00:51+00:00,2019-03-27 22:26:29+00:00,0.008056
PSY2012-20192-21-M-002 Introduction To Psychology - D128 MW 01:00 PM,2019-03-11 14:32:52+00:00,2019-03-11 14:35:57+00:00,0.051667
BSC2010-20192-21-M-002 General Biology I - D218 MW 11:00 AM,2019-03-27 15:03:11+00:00,2019-03-27 16:07:57+00:00,0.721389
BSC2010-20192-21-M-002 General Biology I - D218 MW 11:00 AM,2019-02-06 23:43:33+00:00,2019-02-07 00:25:02+00:00,0.693056
BSC2010-20192-21-M-002 General Biology I - D218 MW 11:00 AM,2019-01-08 14:32:37+00:00,2019-01-08 14:33:57+00:00,0.006389
BSC2010-20192-21-M-002 General Biology I - D218 MW 11:00 AM,2019-02-12 04:12:22+00:00,2019-02-12 04:12:22+00:00,0.002222
SLS1101-20191-21-M-003 Student Success - B105 TR 01:00 PM,2018-09-28 13:51:17+00:00,2018-09-28 13:51:17+00:00,0.0
SLS1101-20191-21-M-003 Student Success - B105 TR 01:00 PM,2018-09-19 02:52:44+00:00,2018-09-19 02:52:51+00:00,0.001944
SLS1101-20191-21-M-003 Student Success - B105 TR 01:00 PM,2019-07-15 17:00:20+00:00,2019-07-15 17:00:20+00:00,0.0
SLS1101-20191-21-M-003 Student Success - B105 TR 01:00 PM,2018-10-24 15:37:52+00:00,2018-10-24 15:37:52+00:00,0.005
SLS1101-20191-21-M-003 Student Success - B105 TR 01:00 PM,2018-09-11 14:07:16+00:00,2018-09-11 14:07:16+00:00,0.001944
SLS1101-20191-21-M-003 Student Success - B105 TR 01:00 PM,2018-09-20 17:40:56+00:00,2018-09-20 17:41:15+00:00,0.005278
SLS1101-20191-21-M-003 Student Success - B105 TR 01:00 PM,2018-10-16 17:18:56+00:00,2018-10-16 17:19:24+00:00,0.006667
SLS1101-20191-21-M-003 Student Success - B105 TR 01:00 PM,2018-10-25 19:07:54+00:00,2018-10-25 19:11:03+00:00,0.035278
ENC1101-20191-21-M-010 English Composition I - B105 MW,2018-10-22 19:20:44+00:00,2018-10-22 19:20:53+00:00,0.166389
ENC1101-20191-21-M-010 English Composition I - B105 MW,2018-10-06 01:10:14+00:00,2018-10-06 01:10:14+00:00,0.0
ENC1101-20191-21-M-010 English Composition I - B105 MW,2018-10-22 15:03:53+00:00,2018-10-22 15:05:10+00:00,0.029444
Vero Campus B126 TR,2018-08-23 14:07:29+00:00,2018-08-23 15:15:04+00:00,0.062778
Vero Campus B126 TR,2018-10-30 23:06:06+00:00,2018-10-31 00:07:06+00:00,1.033889
ORI0003-251574 ORIENTATION - INTERNET  NR,2018-08-29 18:44:02+00:00,2018-08-29 18:44:02+00:00,0.000833
ORI0003-251574 ORIENTATION - INTERNET  NR,2018-08-20 20:08:45+00:00,2018-08-20 20:09:02+00:00,0.004167
BSC2010L-20192-21-M-002 General Biology I Lab - D204 W 03:30 PM,2019-01-08 14:33:25+00:00,2019-01-08 14:34:14+00:00,0.010833
BSC2010L-20192-21-M-002 General Biology I Lab - D204 W 03:30 PM,2019-04-20 02:14:25+00:00,2019-04-20 02:14:25+00:00,0.082222
PSY2012-20192-21-M-002 Introduction To Psychology - D128 MW 01:00 PM,2019-04-03 23:07:14+00:00,2019-04-03 23:07:14+00:00,0.0
PSY2012-20192-21-M-002 Introduction To Psychology - D128 MW 01:00 PM,2019-04-08 18:58:16+00:00,2019-04-08 18:58:16+00:00,0.0
PSY2012-20192-21-M-002 Introduction To Psychology - D128 MW 01:00 PM,2019-01-14 18:03:03+00:00,2019-01-14 18:03:59+00:00,0.015833
PSY2012-20192-21-M-002 Introduction To Psychology - D128 MW 01:00 PM,2019-04-08 18:57:17+00:00,2019-04-08 18:57:17+00:00,0.0
PSY2012-20192-21-M-002 Introduction To Psychology - D128 MW 01:00 PM,2019-02-04 01:19:04+00:00,2019-02-04 01:19:16+00:00,0.003333
ENC1101-20191-21-M-010 English Composition I - B105 MW,2018-10-18 11:50:54+00:00,2018-10-18 11:50:54+00:00,0.0
Vero Campus B126 TR,2018-10-15 16:20:31+00:00,2018-10-15 16:20:45+00:00,0.005
BSC2010L-20192-21-M-002 General Biology I Lab - D204 W 03:30 PM,2019-02-17 01:52:09+00:00,2019-02-17 03:08:00+00:00,1.115556
PSY2012-20192-21-M-002 Introduction To Psychology - D128 MW 01:00 PM,2019-04-24 19:29:00+00:00,2019-04-24 19:29:00+00:00,0.007778
BSC2010L-20192-21-M-002 General Biology I Lab - D204 W 03:30 PM,2019-04-14 19:30:22+00:00,2019-04-14 19:30:41+00:00,0.005833
ENC1102-20193-21-B-003 English Composition II - D211 MTWR 11:00 AM,2019-07-11 13:34:43+00:00,2019-07-11 13:34:43+00:00,0.000278
ENC1102-20193-21-B-003 English Composition II - D211 MTWR 11:00 AM,2019-07-08 14:21:55+00:00,2019-07-08 14:21:59+00:00,0.001111
SYG2010-20193-21-B-001 Social Problems - A129 TR 02:45 PM,2019-06-26 16:41:41+00:00,2019-06-26 16:47:04+00:00,0.0075
SYG2010-20193-21-B-001 Social Problems - A129 TR 02:45 PM,2019-07-16 16:58:38+00:00,2019-07-16 17:14:13+00:00,0.029722
SYG2010-20193-21-B-001 Social Problems - A129 TR 02:45 PM,2019-07-11 22:42:51+00:00,2019-07-11 22:48:17+00:00,0.063611
SYG2010-20193-21-B-001 Social Problems - A129 TR 02:45 PM,2019-07-23 18:15:02+00:00,2019-07-23 18:40:26+00:00,0.0225
SYG2010-20193-21-B-001 Social Problems - A129 TR 02:45 PM,2019-07-31 01:38:57+00:00,2019-07-31 02:06:11+00:00,0.023333
SYG2010-20193-21-B-001 Social Problems - A129 TR 02:45 PM,2019-07-09 23:15:04+00:00,2019-07-09 23:59:29+00:00,0.738333
SYG2010-20193-21-B-001 Social Problems - A129 TR 02:45 PM,2019-07-18 22:16:24+00:00,2019-07-18 22:21:16+00:00,0.040833
BSC2010-20192-21-M-002 General Biology I - D218 MW 11:00 AM,2019-04-16 16:09:27+00:00,2019-04-16 17:09:07+00:00,0.416389
BSC2010-20192-21-M-002 General Biology I - D218 MW 11:00 AM,2019-02-12 18:01:02+00:00,2019-02-12 18:03:45+00:00,0.044444
BSC2010-20192-21-M-002 General Biology I - D218 MW 11:00 AM,2019-04-23 14:13:03+00:00,2019-04-23 20:39:12+00:00,6.435833
BSC2010-20192-21-M-002 General Biology I - D218 MW 11:00 AM,2019-02-13 23:04:34+00:00,2019-02-14 02:01:24+00:00,1.103056
BSC2010-20192-21-M-002 General Biology I - D218 MW 11:00 AM,2019-01-14 17:10:30+00:00,2019-01-14 17:45:01+00:00,0.575278
BSC2010-20192-21-M-002 General Biology I - D218 MW 11:00 AM,2019-02-11 13:43:09+00:00,2019-02-11 13:45:29+00:00,0.039167
BSC2010-20192-21-M-002 General Biology I - D218 MW 11:00 AM,2019-04-07 22:18:24+00:00,2019-04-07 22:29:16+00:00,0.181111
SLS1101-20191-21-M-003 Student Success - B105 TR 01:00 PM,2018-11-28 17:59:15+00:00,2018-11-28 19:44:43+00:00,1.749722
SLS1101-20191-21-M-003 Student Success - B105 TR 01:00 PM,2018-10-22 19:30:49+00:00,2018-10-22 19:30:49+00:00,0.0
SLS1101-20191-21-M-003 Student Success - B105 TR 01:00 PM,2018-09-27 17:12:14+00:00,2018-09-27 17:12:22+00:00,0.004722
SLS1101-20191-21-M-003 Student Success - B105 TR 01:00 PM,2018-10-01 19:21:33+00:00,2018-10-01 19:21:33+00:00,0.0
SLS1101-20191-21-M-003 Student Success - B105 TR 01:00 PM,2018-10-15 16:20:44+00:00,2018-10-15 16:20:44+00:00,0.000278
SLS1101-20191-21-M-003 Student Success - B105 TR 01:00 PM,2018-10-06 16:11:59+00:00,2018-10-06 16:54:50+00:00,0.564722
SLS1101-20191-21-M-003 Student Success - B105 TR 01:00 PM,2018-10-18 01:00:38+00:00,2018-10-18 01:00:38+00:00,0.002778
SLS1101-20191-21-M-003 Student Success - B105 TR 01:00 PM,2018-12-05 00:38:44+00:00,2018-12-05 00:38:44+00:00,0.000556
SLS1101-20191-21-M-003 Student Success - B105 TR 01:00 PM,2018-09-30 22:42:10+00:00,2018-09-30 22:42:19+00:00,0.0025
SLS1101-20191-21-M-003 Student Success - B105 TR 01:00 PM,2018-09-27 22:27:06+00:00,2018-09-27 22:27:06+00:00,0.116944
SLS1101-20191-21-M-003 Student Success - B105 TR 01:00 PM,2018-09-22 17:59:18+00:00,2018-09-22 17:59:18+00:00,0.005
SLS1101-20191-21-M-003 Student Success - B105 TR 01:00 PM,2018-12-03 15:33:04+00:00,2018-12-03 15:33:04+00:00,0.001111
SLS1101-20191-21-M-003 Student Success - B105 TR 01:00 PM,2018-10-12 17:18:28+00:00,2018-10-12 17:18:37+00:00,0.0025
SLS1101-20191-21-M-003 Student Success - B105 TR 01:00 PM,2018-09-01 02:25:37+00:00,2018-09-01 02:26:39+00:00,0.017222
SLS1101-20191-21-M-003 Student Success - B105 TR 01:00 PM,2018-11-27 18:53:57+00:00,2018-11-27 20:03:04+00:00,3.884722
ENC1101-20191-21-M-010 English Composition I - B105 MW,2018-09-20 13:23:13+00:00,2018-09-20 13:23:13+00:00,0.0
ENC1101-20191-21-M-010 English Composition I - B105 MW,2018-12-06 15:19:06+00:00,2018-12-06 15:19:06+00:00,0.000278
ENC1101-20191-21-M-010 English Composition I - B105 MW,2018-09-19 19:49:56+00:00,2018-09-19 19:49:56+00:00,0.0
ENC1101-20191-21-M-010 English Composition I - B105 MW,2018-10-15 18:00:55+00:00,2018-10-15 18:01:49+00:00,0.028611
ENC1101-20191-21-M-010 English Composition I - B105 MW,2019-06-27 01:34:07+00:00,2019-06-27 01:34:15+00:00,0.003889
ENC1101-20191-21-M-010 English Composition I - B105 MW,2018-10-22 15:02:52+00:00,2018-10-22 15:02:57+00:00,0.009444
Vero Campus B126 TR,2018-10-14 03:50:08+00:00,2018-10-14 03:50:08+00:00,0.0
Vero Campus B126 TR,2018-11-27 17:07:44+00:00,2018-11-27 17:07:55+00:00,0.003056
Vero Campus B126 TR,2018-09-08 13:24:53+00:00,2018-09-08 13:24:53+00:00,0.0
Vero Campus B126 TR,2018-12-05 00:38:47+00:00,2018-12-05 00:38:47+00:00,0.0
Vero Campus B126 TR,2019-01-02 20:12:54+00:00,2019-01-02 20:12:54+00:00,0.000278
Vero Campus B126 TR,2019-01-07 02:57:22+00:00,2019-01-07 03:03:50+00:00,0.001944
Vero Campus B126 TR,2018-10-15 05:17:07+00:00,2018-10-15 05:17:07+00:00,0.000833
Vero Campus B126 TR,2018-11-30 02:14:30+00:00,2018-11-30 02:14:30+00:00,0.0
BSC2010L-20192-21-M-002 General Biology I Lab - D204 W 03:30 PM,2019-04-01 16:43:54+00:00,2019-04-01 16:43:54+00:00,0.001111
BSC2010L-20192-21-M-002 General Biology I Lab - D204 W 03:30 PM,2019-02-02 02:04:37+00:00,2019-02-02 02:04:37+00:00,0.001667
PSY2012-20192-21-M-002 Introduction To Psychology - D128 MW 01:00 PM,2019-01-21 18:44:39+00:00,2019-01-21 18:44:48+00:00,0.001111
PSY2012-20192-21-M-002 Introduction To Psychology - D128 MW 01:00 PM,2019-01-12 20:40:20+00:00,2019-01-12 22:19:49+00:00,0.5475
PSY2012-20192-21-M-002 Introduction To Psychology - D128 MW 01:00 PM,2019-04-16 16:22:47+00:00,2019-04-16 16:22:47+00:00,0.001111
BSC2010-20192-21-M-002 General Biology I - D218 MW 11:00 AM,2019-02-13 16:11:02+00:00,2019-02-13 17:03:47+00:00,0.161667
BSC2010-20192-21-M-002 General Biology I - D218 MW 11:00 AM,2019-03-27 17:21:56+00:00,2019-03-27 22:26:18+00:00,1.0925
BSC2010-20192-21-M-002 General Biology I - D218 MW 11:00 AM,2019-02-05 04:08:28+00:00,2019-02-05 04:08:28+00:00,0.000278
BSC2010-20192-21-M-002 General Biology I - D218 MW 11:00 AM,2019-04-16 17:09:57+00:00,2019-04-16 17:09:57+00:00,0.000278
BSC2010-20192-21-M-002 General Biology I - D218 MW 11:00 AM,2019-04-21 01:03:19+00:00,2019-04-21 01:03:19+00:00,0.01
SLS1101-20191-21-M-003 Student Success - B105 TR 01:00 PM,2018-09-21 22:14:02+00:00,2018-09-21 22:14:16+00:00,0.000556
SLS1101-20191-21-M-003 Student Success - B105 TR 01:00 PM,2018-10-23 15:39:43+00:00,2018-10-23 15:40:17+00:00,0.009444
SLS1101-20191-21-M-003 Student Success - B105 TR 01:00 PM,2018-08-29 12:21:01+00:00,2018-08-29 12:21:12+00:00,0.003056
SLS1101-20191-21-M-003 Student Success - B105 TR 01:00 PM,2018-10-25 15:45:19+00:00,2018-10-25 16:07:48+00:00,0.374722
SLS1101-20191-21-M-003 Student Success - B105 TR 01:00 PM,2018-08-23 15:55:53+00:00,2018-08-23 16:02:05+00:00,0.103333
SLS1101-20191-21-M-003 Student Success - B105 TR 01:00 PM,2018-10-22 02:23:21+00:00,2018-10-22 02:23:24+00:00,0.000278
ENC1101-20191-21-M-010 English Composition I - B105 MW,2018-11-05 17:54:32+00:00,2018-11-05 17:55:11+00:00,0.009722
ENC1101-20191-21-M-010 English Composition I - B105 MW,2019-03-29 17:14:51+00:00,2019-03-29 17:14:51+00:00,0.009444
Vero Campus B126 TR,2018-11-13 02:53:32+00:00,2018-11-13 02:53:32+00:00,0.0
Vero Campus B126 TR,2019-02-12 18:04:39+00:00,2019-02-12 18:04:39+00:00,0.000278
Vero Campus B126 TR,2018-09-26 17:09:38+00:00,2018-09-26 17:11:01+00:00,0.006944
Vero Campus B126 TR,2018-10-29 00:24:34+00:00,2018-10-29 00:24:34+00:00,0.0
Vero Campus B126 TR,2018-10-11 13:47:01+00:00,2018-10-11 13:47:26+00:00,0.406389
Vero Campus B126 TR,2018-09-21 22:14:03+00:00,2018-09-21 22:14:15+00:00,0.002222
BSC2010L-20192-21-M-002 General Biology I Lab - D204 W 03:30 PM,2019-03-18 00:27:57+00:00,2019-03-18 00:35:42+00:00,0.138889
BSC2010L-20192-21-M-002 General Biology I Lab - D204 W 03:30 PM,2019-02-05 04:08:29+00:00,2019-02-05 04:10:19+00:00,0.000833
BSC2010L-20192-21-M-002 General Biology I Lab - D204 W 03:30 PM,2019-01-09 22:41:01+00:00,2019-01-09 22:41:06+00:00,0.186111
BSC2010L-20192-21-M-002 General Biology I Lab - D204 W 03:30 PM,2019-04-21 01:03:13+00:00,2019-04-21 01:03:13+00:00,0.001111
BSC2010L-20192-21-M-002 General Biology I Lab - D204 W 03:30 PM,2019-01-17 00:38:55+00:00,2019-01-17 00:58:03+00:00,0.318889
PSY2012-20192-21-M-002 Introduction To Psychology - D128 MW 01:00 PM,2019-01-29 17:13:51+00:00,2019-01-29 17:45:16+00:00,0.143333
PSY2012-20192-21-M-002 Introduction To Psychology - D128 MW 01:00 PM,2019-03-13 23:18:13+00:00,2019-03-13 23:18:13+00:00,0.0
PSY2012-20192-21-M-002 Introduction To Psychology - D128 MW 01:00 PM,2019-02-27 22:33:46+00:00,2019-02-27 22:34:40+00:00,0.015
PSY2012-20192-21-M-002 Introduction To Psychology - D128 MW 01:00 PM,2019-03-29 17:15:25+00:00,2019-03-29 17:16:00+00:00,0.009722
PSY2012-20192-21-M-002 Introduction To Psychology - D128 MW 01:00 PM,2019-04-15 17:05:42+00:00,2019-04-15 20:42:36+00:00,0.597222
PSY2012-20192-21-M-002 Introduction To Psychology - D128 MW 01:00 PM,2019-02-07 21:58:58+00:00,2019-02-07 21:59:21+00:00,0.006389
PSY2012-20192-21-M-002 Introduction To Psychology - D128 MW 01:00 PM,2019-02-02 16:19:01+00:00,2019-02-02 16:19:31+00:00,0.008333
SLS1101-20191-21-M-003 Student Success - B105 TR 01:00 PM,2018-10-01 00:45:36+00:00,2018-10-01 00:45:36+00:00,0.0
SLS1101-20191-21-M-003 Student Success - B105 TR 01:00 PM,2018-11-29 18:31:59+00:00,2018-11-29 18:34:12+00:00,0.036944
ENC1101-20191-21-M-010 English Composition I - B105 MW,2018-09-25 23:33:19+00:00,2018-09-25 23:33:19+00:00,0.003333
Vero Campus B126 TR,2018-11-29 21:31:13+00:00,2018-11-29 21:33:33+00:00,0.039722
Vero Campus B126 TR,2018-12-06 03:08:55+00:00,2018-12-06 03:08:55+00:00,0.0
BSC2010L-20192-21-M-002 General Biology I Lab - D204 W 03:30 PM,2019-01-16 14:50:39+00:00,2019-01-16 14:54:02+00:00,0.141667
BSC2010L-20192-21-M-002 General Biology I Lab - D204 W 03:30 PM,2019-01-14 16:01:33+00:00,2019-01-14 16:01:33+00:00,0.000556
PSY2012-20192-21-M-002 Introduction To Psychology - D128 MW 01:00 PM,2019-02-06 17:30:57+00:00,2019-02-06 17:31:06+00:00,0.0025
PSY2012-20192-21-M-002 Introduction To Psychology - D128 MW 01:00 PM,2019-04-08 18:36:57+00:00,2019-04-08 18:36:57+00:00,0.005278
ENC1102-20193-21-B-003 English Composition II - D211 MTWR 11:00 AM,2019-08-06 18:31:54+00:00,2019-08-06 18:31:54+00:00,0.001111
ENC1102-20193-21-B-003 English Composition II - D211 MTWR 11:00 AM,2019-07-08 18:00:27+00:00,2019-07-08 20:30:50+00:00,2.504722
ENC1102-20193-21-B-003 English Composition II - D211 MTWR 11:00 AM,2019-06-26 16:41:45+00:00,2019-06-26 16:44:42+00:00,0.051389
ENC1102-20193-21-B-003 English Composition II - D211 MTWR 11:00 AM,2019-07-18 03:43:26+00:00,2019-07-18 04:01:32+00:00,0.301944
ENC1102-20193-21-B-003 English Composition II - D211 MTWR 11:00 AM,2019-07-22 16:29:48+00:00,2019-07-22 16:29:59+00:00,0.166111
ENC1102-20193-21-B-003 English Composition II - D211 MTWR 11:00 AM,2019-07-23 14:54:10+00:00,2019-07-23 14:55:12+00:00,0.017222
SYG2010-20193-21-B-001 Social Problems - A129 TR 02:45 PM,2019-08-06 21:30:24+00:00,2019-08-06 21:30:24+00:00,0.011111
SYG2010-20193-21-B-001 Social Problems - A129 TR 02:45 PM,2019-07-01 22:52:11+00:00,2019-07-01 22:52:11+00:00,0.0
SYG2010-20193-21-B-001 Social Problems - A129 TR 02:45 PM,2019-07-02 11:45:02+00:00,2019-07-02 11:45:02+00:00,0.004722
SYG2010-20193-21-B-001 Social Problems - A129 TR 02:45 PM,2019-07-25 13:30:14+00:00,2019-07-25 13:38:01+00:00,0.030833
SYG2010-20193-21-B-001 Social Problems - A129 TR 02:45 PM,2019-06-29 19:01:43+00:00,2019-06-29 23:42:16+00:00,4.319167
SYG2010-20193-21-B-001 Social Problems - A129 TR 02:45 PM,2019-08-06 18:31:58+00:00,2019-08-06 18:33:32+00:00,0.028333
BSC2010-20192-21-M-002 General Biology I - D218 MW 11:00 AM,2019-04-10 14:46:21+00:00,2019-04-10 16:58:36+00:00,0.054722
BSC2010-20192-21-M-002 General Biology I - D218 MW 11:00 AM,2019-03-25 15:05:45+00:00,2019-03-25 16:13:51+00:00,1.567222
BSC2010-20192-21-M-002 General Biology I - D218 MW 11:00 AM,2019-02-04 20:08:51+00:00,2019-02-04 20:59:51+00:00,0.841111
BSC2010-20192-21-M-002 General Biology I - D218 MW 11:00 AM,2019-04-18 12:52:25+00:00,2019-04-18 12:52:25+00:00,0.001111
BSC2010-20192-21-M-002 General Biology I - D218 MW 11:00 AM,2019-01-30 15:58:06+00:00,2019-01-30 17:39:15+00:00,0.065556
BSC2010-20192-21-M-002 General Biology I - D218 MW 11:00 AM,2019-02-02 02:04:30+00:00,2019-02-02 02:18:19+00:00,0.122778
BSC2010-20192-21-M-002 General Biology I - D218 MW 11:00 AM,2019-01-16 23:48:04+00:00,2019-01-17 00:38:46+00:00,0.596944
BSC2010-20192-21-M-002 General Biology I - D218 MW 11:00 AM,2019-04-16 00:05:58+00:00,2019-04-16 01:46:03+00:00,0.273333
SLS1101-20191-21-M-003 Student Success - B105 TR 01:00 PM,2018-10-02 01:32:52+00:00,2018-10-02 01:33:03+00:00,0.003056
SLS1101-20191-21-M-003 Student Success - B105 TR 01:00 PM,2018-10-17 18:58:18+00:00,2018-10-17 21:31:53+00:00,1.390556
SLS1101-20191-21-M-003 Student Success - B105 TR 01:00 PM,2018-10-02 01:39:53+00:00,2018-10-02 01:39:58+00:00,0.001389
SLS1101-20191-21-M-003 Student Success - B105 TR 01:00 PM,2018-09-11 17:11:10+00:00,2018-09-11 17:11:37+00:00,0.014444
SLS1101-20191-21-M-003 Student Success - B105 TR 01:00 PM,2018-10-15 22:42:12+00:00,2018-10-15 22:42:12+00:00,0.009722
SLS1101-20191-21-M-003 Student Success - B105 TR 01:00 PM,2018-10-29 00:24:34+00:00,2018-10-29 00:26:44+00:00,0.003889
SLS1101-20191-21-M-003 Student Success - B105 TR 01:00 PM,2018-08-27 01:19:19+00:00,2018-08-27 01:19:19+00:00,0.0
SLS1101-20191-21-M-003 Student Success - B105 TR 01:00 PM,2018-11-01 17:43:40+00:00,2018-11-01 17:44:12+00:00,0.008889
ENC1101-20191-21-M-010 English Composition I - B105 MW,2018-10-29 00:26:44+00:00,2018-10-29 00:26:44+00:00,0.0
ENC1101-20191-21-M-010 English Composition I - B105 MW,2018-10-17 18:35:31+00:00,2018-10-17 20:09:00+00:00,1.087222
ENC1101-20191-21-M-010 English Composition I - B105 MW,2018-09-24 20:59:27+00:00,2018-09-25 00:34:04+00:00,0.989167
ENC1101-20191-21-M-010 English Composition I - B105 MW,2018-09-25 17:01:03+00:00,2018-09-25 17:01:03+00:00,0.001667
ENC1101-20191-21-M-010 English Composition I - B105 MW,2019-03-27 22:26:23+00:00,2019-03-27 22:26:23+00:00,0.001389
ENC1101-20191-21-M-010 English Composition I - B105 MW,2018-09-19 21:39:13+00:00,2018-09-19 21:39:13+00:00,0.000833
ENC1101-20191-21-M-010 English Composition I - B105 MW,2018-09-21 22:14:11+00:00,2018-09-21 22:14:15+00:00,0.000556
ENC1101-20191-21-M-010 English Composition I - B105 MW,2018-12-03 17:05:34+00:00,2018-12-03 17:05:34+00:00,0.000278
Vero Campus B126 TR,2018-10-20 18:31:41+00:00,2018-10-20 18:36:32+00:00,0.0025
Vero Campus B126 TR,2018-10-15 22:42:03+00:00,2018-10-15 22:42:03+00:00,0.0025
Vero Campus B126 TR,2018-11-14 19:45:17+00:00,2018-11-14 19:46:28+00:00,0.019722
ORI0003-251574 ORIENTATION - INTERNET  NR,2018-07-01 04:34:27+00:00,2018-07-01 04:34:51+00:00,0.012222
ORI0003-251574 ORIENTATION - INTERNET  NR,2018-08-30 00:36:56+00:00,2018-08-30 00:37:18+00:00,0.001111
BSC2010L-20192-21-M-002 General Biology I Lab - D204 W 03:30 PM,2019-02-18 19:58:46+00:00,2019-02-18 20:10:06+00:00,0.188056
BSC2010L-20192-21-M-002 General Biology I Lab - D204 W 03:30 PM,2019-02-07 00:25:08+00:00,2019-02-07 02:44:41+00:00,2.325833
BSC2010L-20192-21-M-002 General Biology I Lab - D204 W 03:30 PM,2019-02-12 23:28:11+00:00,2019-02-12 23:28:27+00:00,0.003889
PSY2012-20192-21-M-002 Introduction To Psychology - D128 MW 01:00 PM,2019-04-25 00:46:54+00:00,2019-04-25 00:46:54+00:00,0.0
PSY2012-20192-21-M-002 Introduction To Psychology - D128 MW 01:00 PM,2019-01-09 02:00:38+00:00,2019-01-09 02:00:38+00:00,0.000556
PSY2012-20192-21-M-002 Introduction To Psychology - D128 MW 01:00 PM,2019-04-20 02:19:22+00:00,2019-04-20 02:19:38+00:00,0.003611
BSC2010-20192-21-M-002 General Biology I - D218 MW 11:00 AM,2019-04-15 20:37:01+00:00,2019-04-15 20:40:11+00:00,0.019444
SLS1101-20191-21-M-003 Student Success - B105 TR 01:00 PM,2018-09-17 23:27:38+00:00,2018-09-17 23:48:50+00:00,0.353333
SLS1101-20191-21-M-003 Student Success - B105 TR 01:00 PM,2018-09-16 23:19:07+00:00,2018-09-16 23:25:32+00:00,0.106944
SLS1101-20191-21-M-003 Student Success - B105 TR 01:00 PM,2018-11-08 16:49:27+00:00,2018-11-08 16:51:14+00:00,0.027222
SLS1101-20191-21-M-003 Student Success - B105 TR 01:00 PM,2018-10-31 16:38:24+00:00,2018-10-31 16:38:24+00:00,0.0
SLS1101-20191-21-M-003 Student Success - B105 TR 01:00 PM,2018-11-29 21:29:18+00:00,2018-11-29 21:30:49+00:00,0.024444
SLS1101-20191-21-M-003 Student Success - B105 TR 01:00 PM,2018-10-03 02:04:16+00:00,2018-10-03 02:04:16+00:00,0.0
SLS1101-20191-21-M-003 Student Success - B105 TR 01:00 PM,2018-08-30 00:36:57+00:00,2018-08-30 00:37:45+00:00,0.001667
SLS1101-20191-21-M-003 Student Success - B105 TR 01:00 PM,2018-10-20 18:31:39+00:00,2018-10-20 18:36:35+00:00,0.005833
SLS1101-20191-21-M-003 Student Success - B105 TR 01:00 PM,2018-10-11 13:33:47+00:00,2018-10-11 13:46:54+00:00,0.003889
SLS1101-20191-21-M-003 Student Success - B105 TR 01:00 PM,2018-09-24 20:59:32+00:00,2018-09-25 00:34:11+00:00,2.578889
SLS1101-20191-21-M-003 Student Success - B105 TR 01:00 PM,2018-09-28 20:55:33+00:00,2018-09-28 20:56:02+00:00,0.008611
ENC1101-20191-21-M-010 English Composition I - B105 MW,2018-10-15 21:08:45+00:00,2018-10-15 23:24:37+00:00,1.077778
ENC1101-20191-21-M-010 English Composition I - B105 MW,2018-11-30 02:14:26+00:00,2018-11-30 02:14:26+00:00,0.001111
ENC1101-20191-21-M-010 English Composition I - B105 MW,2018-12-05 00:38:46+00:00,2018-12-05 00:38:46+00:00,0.000278
ENC1101-20191-21-M-010 English Composition I - B105 MW,2018-08-20 20:00:32+00:00,2018-08-20 20:41:05+00:00,0.064722
ENC1101-20191-21-M-010 English Composition I - B105 MW,2019-07-09 17:05:44+00:00,2019-07-09 17:05:44+00:00,0.001111
ENC1101-20191-21-M-010 English Composition I - B105 MW,2018-12-05 15:12:01+00:00,2018-12-05 15:12:01+00:00,0.000556
ENC1101-20191-21-M-010 English Composition I - B105 MW,2018-09-19 17:37:43+00:00,2018-09-19 17:42:09+00:00,0.073056
Vero Campus B126 TR,2018-10-08 02:02:11+00:00,2018-10-08 02:04:36+00:00,0.0025
Vero Campus B126 TR,2018-10-17 19:06:26+00:00,2018-10-17 19:06:26+00:00,0.017222
Vero Campus B126 TR,2018-10-18 01:00:48+00:00,2018-10-18 01:00:48+00:00,0.0
Vero Campus B126 TR,2018-09-23 04:28:51+00:00,2018-09-23 04:29:46+00:00,0.014167
Vero Campus B126 TR,2018-10-22 02:23:15+00:00,2018-10-22 02:23:15+00:00,0.000833
BSC2010L-20192-21-M-002 General Biology I Lab - D204 W 03:30 PM,2019-02-11 20:32:23+00:00,2019-02-11 21:41:58+00:00,0.011111
BSC2010L-20192-21-M-002 General Biology I Lab - D204 W 03:30 PM,2019-04-18 00:54:23+00:00,2019-04-18 00:54:23+00:00,0.002222
PSY2012-20192-21-M-002 Introduction To Psychology - D128 MW 01:00 PM,2019-01-16 14:59:19+00:00,2019-01-16 18:04:51+00:00,0.294167
PSY2012-20192-21-M-002 Introduction To Psychology - D128 MW 01:00 PM,2019-04-24 17:58:33+00:00,2019-04-24 17:58:33+00:00,0.002222
PSY2012-20192-21-M-002 Introduction To Psychology - D128 MW 01:00 PM,2019-02-17 23:03:29+00:00,2019-02-17 23:03:41+00:00,0.014722
PSY2012-20192-21-M-002 Introduction To Psychology - D128 MW 01:00 PM,2019-04-19 00:27:35+00:00,2019-04-19 00:27:35+00:00,0.001667
PSY2012-20192-21-M-002 Introduction To Psychology - D128 MW 01:00 PM,2019-04-01 16:44:27+00:00,2019-04-01 17:29:04+00:00,0.104722
PSY2012-20192-21-M-002 Introduction To Psychology - D128 MW 01:00 PM,2019-02-20 17:16:50+00:00,2019-02-20 17:17:20+00:00,0.034167
PSY2012-20192-21-M-002 Introduction To Psychology - D128 MW 01:00 PM,2019-01-07 22:43:58+00:00,2019-01-07 22:44:06+00:00,0.002222
SLS1101-20191-21-M-003 Student Success - B105 TR 01:00 PM,2018-11-20 17:26:20+00:00,2018-11-20 17:26:35+00:00,0.005278
ENC1101-20191-21-M-010 English Composition I - B105 MW,2018-09-21 04:13:11+00:00,2018-09-21 04:13:11+00:00,0.000278
ENC1101-20191-21-M-010 English Composition I - B105 MW,2018-10-17 15:56:26+00:00,2018-10-17 15:57:02+00:00,0.0175
Vero Campus B126 TR,2018-08-28 13:49:47+00:00,2018-08-28 13:50:32+00:00,0.0125
Vero Campus B126 TR,2018-09-27 14:07:27+00:00,2018-09-27 14:07:27+00:00,0.000833
PSY2012-20192-21-M-002 Introduction To Psychology - D128 MW 01:00 PM,2019-04-02 16:04:54+00:00,2019-04-02 16:04:54+00:00,0.6225
PSY2012-20192-21-M-002 Introduction To Psychology - D128 MW 01:00 PM,2019-03-06 17:57:53+00:00,2019-03-06 17:58:34+00:00,0.011389
PSY2012-20192-21-M-002 Introduction To Psychology - D128 MW 01:00 PM,2019-01-10 17:49:33+00:00,2019-01-10 17:49:51+00:00,0.023056
Vero Campus B126 TR,2018-11-26 19:11:59+00:00,2018-11-26 19:12:08+00:00,0.0025
ENC1102-20193-21-B-003 English Composition II - D211 MTWR 11:00 AM,2019-07-02 18:20:00+00:00,2019-07-02 18:34:40+00:00,0.244444
ENC1102-20193-21-B-003 English Composition II - D211 MTWR 11:00 AM,2019-07-15 16:58:50+00:00,2019-07-15 17:00:20+00:00,0.026389
ENC1102-20193-21-B-003 English Composition II - D211 MTWR 11:00 AM,2019-07-18 22:17:48+00:00,2019-07-18 22:17:55+00:00,0.039167
SYG2010-20193-21-B-001 Social Problems - A129 TR 02:45 PM,2019-07-09 18:52:38+00:00,2019-07-09 18:53:08+00:00,0.008333
SYG2010-20193-21-B-001 Social Problems - A129 TR 02:45 PM,2020-04-03 12:35:29.876000+00:00,2020-04-03 12:35:44.376000+00:00,0.007222
SYG2010-20193-21-B-001 Social Problems - A129 TR 02:45 PM,2019-07-09 17:02:44+00:00,2019-07-09 17:07:15+00:00,0.009722
SYG2010-20193-21-B-001 Social Problems - A129 TR 02:45 PM,2019-07-03 17:14:41+00:00,2019-07-03 17:14:51+00:00,0.006667
SYG2010-20193-21-B-001 Social Problems - A129 TR 02:45 PM,2019-07-23 19:50:03+00:00,2019-07-23 19:50:03+00:00,0.0
SYG2010-20193-21-B-001 Social Problems - A129 TR 02:45 PM,2019-06-28 23:42:48+00:00,2019-06-28 23:44:39+00:00,0.030833
SYG2010-20193-21-B-001 Social Problems - A129 TR 02:45 PM,2019-07-11 13:34:47+00:00,2019-07-11 13:50:16+00:00,0.258056
BSC2010-20192-21-M-002 General Biology I - D218 MW 11:00 AM,2019-04-24 01:27:55+00:00,2019-04-24 01:28:13+00:00,0.005
BSC2010-20192-21-M-002 General Biology I - D218 MW 11:00 AM,2019-01-24 00:27:30+00:00,2019-01-24 00:53:20+00:00,0.431667
BSC2010-20192-21-M-002 General Biology I - D218 MW 11:00 AM,2019-04-18 00:54:06+00:00,2019-04-18 00:54:20+00:00,0.004722
BSC2010-20192-21-M-002 General Biology I - D218 MW 11:00 AM,2019-03-04 14:14:59+00:00,2019-03-04 14:39:50+00:00,0.414167
BSC2010-20192-21-M-002 General Biology I - D218 MW 11:00 AM,2019-04-08 14:48:36+00:00,2019-04-08 14:49:05+00:00,0.066944
BSC2010-20192-21-M-002 General Biology I - D218 MW 11:00 AM,2019-02-25 01:27:58+00:00,2019-02-25 01:41:21+00:00,0.223056
BSC2010-20192-21-M-002 General Biology I - D218 MW 11:00 AM,2019-01-09 02:00:26+00:00,2019-01-09 02:00:40+00:00,0.0025
BSC2010-20192-21-M-002 General Biology I - D218 MW 11:00 AM,2019-03-11 14:45:47+00:00,2019-03-11 15:05:54+00:00,0.010556
BSC2010-20192-21-M-002 General Biology I - D218 MW 11:00 AM,2019-03-31 21:50:55+00:00,2019-03-31 22:39:46+00:00,0.006667
BSC2010-20192-21-M-002 General Biology I - D218 MW 11:00 AM,2019-04-17 17:00:27+00:00,2019-04-17 17:01:01+00:00,0.023333
BSC2010-20192-21-M-002 General Biology I - D218 MW 11:00 AM,2019-04-01 16:43:52+00:00,2019-04-01 17:35:16+00:00,0.105278
MAT1033-20191-21-M-003 Intermediate Algebra - A101 MTWR 11:00 AM,2018-08-30 00:37:04+00:00,2018-08-30 00:39:46+00:00,0.008889
SLS1101-20191-21-M-003 Student Success - B105 TR 01:00 PM,2018-09-01 00:24:06+00:00,2018-09-01 00:24:33+00:00,0.0075
SLS1101-20191-21-M-003 Student Success - B105 TR 01:00 PM,2018-11-29 18:07:25+00:00,2018-11-29 18:18:10+00:00,0.179167
SLS1101-20191-21-M-003 Student Success - B105 TR 01:00 PM,2018-09-25 23:31:47+00:00,2018-09-25 23:33:08+00:00,0.022778
SLS1101-20191-21-M-003 Student Success - B105 TR 01:00 PM,2018-11-11 14:11:51+00:00,2018-11-11 14:16:14+00:00,0.073056
SLS1101-20191-21-M-003 Student Success - B105 TR 01:00 PM,2018-09-25 17:05:31+00:00,2018-09-25 17:05:57+00:00,0.003611
SLS1101-20191-21-M-003 Student Success - B105 TR 01:00 PM,2018-10-21 17:34:18+00:00,2018-10-21 17:34:18+00:00,0.001111
SLS1101-20191-21-M-003 Student Success - B105 TR 01:00 PM,2018-10-02 13:50:44+00:00,2018-10-02 13:50:44+00:00,0.0
SLS1101-20191-21-M-003 Student Success - B105 TR 01:00 PM,2018-10-25 17:54:25+00:00,2018-10-25 17:55:08+00:00,0.011944
SLS1101-20191-21-M-003 Student Success - B105 TR 01:00 PM,2018-10-15 22:13:18+00:00,2018-10-15 23:25:58+00:00,0.465556
ENC1101-20191-21-M-010 English Composition I - B105 MW,2018-08-21 01:29:11+00:00,2018-08-21 01:29:16+00:00,0.001389
ENC1101-20191-21-M-010 English Composition I - B105 MW,2019-01-21 19:54:07+00:00,2019-01-21 19:54:07+00:00,0.000556
Vero Campus B126 TR,2018-10-31 16:36:31+00:00,2018-10-31 16:38:23+00:00,0.030833
Vero Campus B126 TR,2018-09-11 14:06:48+00:00,2018-09-11 14:07:23+00:00,0.013333
BSC2010L-20192-21-M-002 General Biology I Lab - D204 W 03:30 PM,2019-03-15 23:41:04+00:00,2019-03-16 00:24:39+00:00,0.723333
BSC2010L-20192-21-M-002 General Biology I Lab - D204 W 03:30 PM,2019-04-17 22:10:06+00:00,2019-04-17 22:15:29+00:00,0.054167
BSC2010L-20192-21-M-002 General Biology I Lab - D204 W 03:30 PM,2019-03-15 03:04:15+00:00,2019-03-15 03:10:27+00:00,0.103333
BSC2010L-20192-21-M-002 General Biology I Lab - D204 W 03:30 PM,2019-03-27 21:16:47+00:00,2019-03-27 23:23:32+00:00,1.581944
BSC2010L-20192-21-M-002 General Biology I Lab - D204 W 03:30 PM,2019-02-17 01:45:25+00:00,2019-02-17 01:51:25+00:00,0.1
PSY2012-20192-21-M-002 Introduction To Psychology - D128 MW 01:00 PM,2019-01-28 04:21:50+00:00,2019-01-28 04:21:50+00:00,0.001667
PSY2012-20192-21-M-002 Introduction To Psychology - D128 MW 01:00 PM,2019-02-15 01:52:02+00:00,2019-02-15 01:52:15+00:00,0.003611
SYG2010-20193-21-B-001 Social Problems - A129 TR 02:45 PM,2019-07-30 18:25:33+00:00,2019-07-30 18:27:00+00:00,0.024167
SYG2010-20193-21-B-001 Social Problems - A129 TR 02:45 PM,2019-07-08 22:22:10+00:00,2019-07-08 23:54:21+00:00,1.538889
BSC2010-20192-21-M-002 General Biology I - D218 MW 11:00 AM,2019-03-13 15:09:09+00:00,2019-03-13 15:19:29+00:00,1.827222
BSC2010-20192-21-M-002 General Biology I - D218 MW 11:00 AM,2019-02-06 16:07:00+00:00,2019-02-06 17:30:52+00:00,0.005
SLS1101-20191-21-M-003 Student Success - B105 TR 01:00 PM,2018-09-26 21:49:48+00:00,2018-09-26 21:50:04+00:00,0.0025
SLS1101-20191-21-M-003 Student Success - B105 TR 01:00 PM,2018-08-24 14:40:20+00:00,2018-08-24 15:44:58+00:00,1.078056
SLS1101-20191-21-M-003 Student Success - B105 TR 01:00 PM,2018-11-05 17:54:26+00:00,2018-11-05 17:54:26+00:00,0.001667
SLS1101-20191-21-M-003 Student Success - B105 TR 01:00 PM,2018-09-17 19:55:41+00:00,2018-09-17 20:51:44+00:00,0.934167
SLS1101-20191-21-M-003 Student Success - B105 TR 01:00 PM,2018-10-08 19:11:07+00:00,2018-10-08 19:11:07+00:00,0.0
ENC1101-20191-21-M-010 English Composition I - B105 MW,2018-08-29 18:43:13+00:00,2018-08-29 18:44:05+00:00,0.011944
ENC1101-20191-21-M-010 English Composition I - B105 MW,2018-10-15 16:19:01+00:00,2018-10-15 16:21:06+00:00,0.019722
Vero Campus B126 TR,2018-09-08 14:26:21+00:00,2018-09-08 14:26:21+00:00,0.0
Vero Campus B126 TR,2018-10-09 14:07:04+00:00,2018-10-09 14:52:11+00:00,0.750833
Vero Campus B126 TR,2018-12-05 15:12:03+00:00,2018-12-05 15:12:03+00:00,0.0
Vero Campus B126 TR,2018-09-07 03:32:36+00:00,2018-09-07 03:33:02+00:00,0.007222
Vero Campus B126 TR,2018-12-06 15:19:07+00:00,2018-12-06 15:19:07+00:00,0.0
Vero Campus B126 TR,2018-09-07 19:53:13+00:00,2018-09-07 19:54:36+00:00,0.020833
Vero Campus B126 TR,2018-08-30 00:37:05+00:00,2018-08-30 00:37:16+00:00,0.000556
ORI0003-251574 ORIENTATION - INTERNET  NR,2018-09-21 22:14:13+00:00,2018-09-21 22:14:15+00:00,0.000556
ORI0003-251574 ORIENTATION - INTERNET  NR,2018-06-12 22:21:38+00:00,2018-06-13 00:28:24+00:00,2.117222
BSC2010L-20192-21-M-002 General Biology I Lab - D204 W 03:30 PM,2019-04-11 01:30:16+00:00,2019-04-11 01:51:30+00:00,0.341944
BSC2010L-20192-21-M-002 General Biology I Lab - D204 W 03:30 PM,2019-02-17 23:04:22+00:00,2019-02-17 23:48:30+00:00,0.660833
PSY2012-20192-21-M-002 Introduction To Psychology - D128 MW 01:00 PM,2019-03-11 01:34:50+00:00,2019-03-11 01:34:50+00:00,0.000556
PSY2012-20192-21-M-002 Introduction To Psychology - D128 MW 01:00 PM,2019-04-19 21:42:10+00:00,2019-04-19 21:42:10+00:00,0.001111
PSY2012-20192-21-M-002 Introduction To Psychology - D128 MW 01:00 PM,2019-01-26 15:51:20+00:00,2019-01-26 15:51:26+00:00,0.131111
PSY2012-20192-21-M-002 Introduction To Psychology - D128 MW 01:00 PM,2019-04-17 22:27:39+00:00,2019-04-17 22:27:46+00:00,0.001944
PSY2012-20192-21-M-002 Introduction To Psychology - D128 MW 01:00 PM,2019-01-18 16:50:56+00:00,2019-01-18 16:51:08+00:00,0.003333
PSY2012-20192-21-M-002 Introduction To Psychology - D128 MW 01:00 PM,2019-04-17 16:59:59+00:00,2019-04-17 17:02:15+00:00,0.009722
BSC2010-20192-21-M-002 General Biology I - D218 MW 11:00 AM,2019-04-08 18:36:22+00:00,2019-04-08 18:36:55+00:00,0.005556
ENC1101-20191-21-M-010 English Composition I - B105 MW,2018-10-15 22:41:32+00:00,2018-10-15 22:41:32+00:00,0.008611
Vero Campus B126 TR,2018-11-21 22:31:25+00:00,2018-11-21 22:31:25+00:00,0.0
BSC2010L-20192-21-M-002 General Biology I Lab - D204 W 03:30 PM,2019-01-12 16:48:13+00:00,2019-01-12 16:48:13+00:00,0.001111
BSC2010L-20192-21-M-002 General Biology I Lab - D204 W 03:30 PM,2019-01-07 02:56:10+00:00,2019-01-07 02:56:52+00:00,0.012222
PSY2012-20192-21-M-002 Introduction To Psychology - D128 MW 01:00 PM,2019-04-16 17:09:58+00:00,2019-04-16 17:10:58+00:00,0.013611
PSY2012-20192-21-M-002 Introduction To Psychology - D128 MW 01:00 PM,2019-01-31 17:58:23+00:00,2019-01-31 17:59:46+00:00,0.025278
PSY2012-20192-21-M-002 Introduction To Psychology - D128 MW 01:00 PM,2019-01-14 16:01:32+00:00,2019-01-14 16:02:36+00:00,0.011389
PSY2012-20192-21-M-002 Introduction To Psychology - D128 MW 01:00 PM,2019-04-11 01:08:16+00:00,2019-04-11 01:08:49+00:00,0.251667
Vero Campus B126 TR,2018-12-04 00:30:53+00:00,2018-12-04 00:31:30+00:00,0.010278
PSY2012-20192-21-M-002 Introduction To Psychology - D128 MW 01:00 PM,2019-03-13 15:09:31+00:00,2019-03-13 17:37:39+00:00,0.576944
